open_timestamp_utc,close_timestamp_utc,open,high,low,close,volume
1555671600,1555675199,4676.88,4694.55,4676.88,4686.54,27.73
1555675200,1555678799,4685.35,4691.39,4670.15,4674.42,39.64
1555678800,1555682399,4676.75,4682.27,4670.15,4676.03,13.83
1555682400,1555685999,4681.9,4682.61,4668.17,4672.27,26.78
1555686000,1555689599,4678.05,4710.92,4671.99,4709.95,32.87
1555689600,1555693199,4708.46,4758.71,4691.0,4694.8,80.38
1555693200,1555696799,4699.53,4707.49,4688.01,4700.01,23.74
1555696800,1555700399,4700.92,4718.99,4693.01,4717.5,30.0
1555700400,1555703999,4716.22,4728.67,4701.6,4721.0,29.63
1555704000,1555707599,4724.41,4728.41,4691.35,4695.83,26.09
1555707600,1555711199,4697.01,4712.21,4690.73,4699.01,22.83
1555711200,1555714799,4699.02,4710.56,4689.1,4695.72,19.58
1555714800,1555718399,4696.19,4711.0,4696.19,4706.56,8.68
1555718400,1555721999,4705.03,4722.75,4704.95,4712.93,6.42
1555722000,1555725599,4712.93,4725.26,4712.92,4725.26,3.38
1555725600,1555729199,4725.26,4734.6,4712.92,4716.56,8.86
1555729200,1555732799,4718.46,4724.38,4712.92,4721.23,2.74
1555732800,1555736399,4720.75,4735.45,4714.3,4731.88,10.79
1555736400,1555739999,4737.0,4737.5,4728.07,4737.49,15.47
1555740000,1555743599,4737.49,4747.0,4733.29,4739.12,24.7
1555743600,1555747199,4738.28,4749.99,4738.0,4749.99,38.99
1555747200,1555750799,4749.99,4764.98,4735.95,4739.94,62.63
1555750800,1555754399,4742.71,4757.68,4737.0,4739.06,21.7
1555754400,1555757999,4741.87,4741.87,4724.28,4738.1,27.01
1555758000,1555761599,4735.01,4739.43,4725.13,4732.94,23.98
1555761600,1555765199,4728.4,4747.86,4726.71,4740.0,20.22
1555765200,1555768799,4740.0,4744.26,4734.0,4736.88,17.18
1555768800,1555772399,4738.65,4744.17,4727.23,4731.43,14.81
1555772400,1555775999,4738.32,4754.89,4731.36,4743.01,43.56
1555776000,1555779599,4743.01,4757.79,4743.0,4757.6,22.46
1555779600,1555783199,4752.69,4758.09,4743.0,4743.0,29.15
1555783200,1555786799,4743.0,4743.01,4734.09,4734.95,23.85
1555786800,1555790399,4735.46,4743.0,4734.0,4737.51,12.9
1555790400,1555793999,4742.47,4749.99,4733.99,4733.99,22.29
1555794000,1555797599,4739.12,4739.12,4688.01,4696.45,64.0
1555797600,1555801199,4691.35,4726.69,4691.35,4722.13,16.65
1555801200,1555804799,4721.58,4740.0,4713.61,4740.0,8.17
1555804800,1555808399,4740.0,4759.34,4738.34,4750.0,20.75
1555808400,1555811999,4750.01,4750.01,4745.15,4745.29,3.87
1555812000,1555815599,4749.26,4750.01,4749.26,4750.01,2.93
1555815600,1555819199,4750.01,4750.01,4750.0,4750.0,1.3
1555819200,1555822799,4750.01,4750.01,4742.14,4745.99,3.95
1555822800,1555826399,4745.99,4746.0,4735.0,4736.55,8.13
1555826400,1555829999,4739.28,4740.59,4735.0,4738.62,6.31
1555830000,1555833599,4737.66,4746.0,4737.66,4741.01,10.06
1555833600,1555837199,4741.03,4744.25,4707.0,4729.09,25.63
1555837200,1555840799,4729.09,4729.09,4680.0,4680.01,62.61
1555840800,1555844399,4680.01,4711.97,4676.89,4698.48,28.24
1555844400,1555847999,4700.38,4706.35,4692.77,4695.26,16.94
1555848000,1555851599,4702.44,4702.44,4662.24,4686.31,46.31
1555851600,1555855199,4681.75,4705.13,4681.75,4697.36,24.05
1555855200,1555858799,4703.09,4704.99,4690.31,4704.43,9.96
1555858800,1555862399,4704.43,4707.41,4697.41,4705.28,16.91
1555862400,1555865999,4705.28,4712.13,4700.19,4710.54,14.39
1555866000,1555869599,4710.53,4710.53,4690.02,4697.53,14.27
1555869600,1555873199,4702.96,4705.06,4671.0,4677.99,18.62
1555873200,1555876799,4679.2,4691.09,4675.0,4690.0,30.37
1555876800,1555880399,4687.91,4700.0,4675.74,4681.37,31.3
1555880400,1555883999,4684.86,4717.9,4677.89,4708.81,36.15
1555884000,1555887599,4708.8,4721.39,4704.55,4719.0,12.83
1555887600,1555891199,4718.99,4729.02,4706.57,4724.09,13.64
1555891200,1555894799,4723.0,4727.1,4718.13,4719.98,28.02
1555894800,1555898399,4719.98,4719.99,4693.61,4697.23,4.65
1555898400,1555901999,4698.03,4709.89,4694.86,4697.13,3.38
1555902000,1555905599,4700.45,4705.09,4683.0,4687.74,4.63
1555905600,1555909199,4686.55,4712.67,4686.54,4711.64,4.55
1555909200,1555912799,4705.93,4711.7,4695.94,4702.22,11.0
1555912800,1555916399,4705.22,4714.56,4695.01,4714.56,15.24
1555916400,1555919999,4714.08,4717.41,4705.05,4706.78,21.09
1555920000,1555923599,4706.0,4717.0,4706.0,4712.48,22.49
1555923600,1555927199,4712.47,4719.07,4700.0,4719.06,21.77
1555927200,1555930799,4719.07,4725.41,4715.91,4725.4,95.01
1555930800,1555934399,4725.41,4729.99,4720.41,4720.52,39.68
1555934400,1555937999,4724.09,4729.99,4720.12,4726.76,27.27
1555938000,1555941599,4726.9,4727.99,4714.46,4716.86,41.8
1555941600,1555945199,4712.85,4738.01,4711.07,4733.01,32.66
1555945200,1555948799,4733.01,4792.02,4710.16,4719.85,136.0
1555948800,1555952399,4718.28,4725.87,4700.4,4714.53,40.0
1555952400,1555955999,4714.53,4772.63,4713.24,4771.83,66.7
1555956000,1555959599,4764.01,4815.0,4764.01,4802.02,131.98
1555959600,1555963199,4803.0,4840.26,4764.4,4787.35,99.33
1555963200,1555966799,4787.35,4799.99,4769.07,4778.76,71.63
1555966800,1555970399,4778.97,4796.52,4770.0,4790.02,29.86
1555970400,1555973999,4792.84,4799.99,4785.01,4799.99,15.33
1555974000,1555977599,4799.5,4799.99,4777.61,4789.16,9.25
1555977600,1555981199,4789.16,4794.8,4776.8,4788.17,3.73
1555981200,1555984799,4787.25,4794.45,4780.14,4790.74,8.2
1555984800,1555988399,4788.32,4812.87,4788.32,4806.34,54.02
1555988400,1555991999,4806.37,4845.89,4806.37,4835.35,20.54
1555992000,1555995599,4834.04,4999.94,4830.8,4905.0,252.1
1555995600,1555999199,4905.0,4940.17,4900.0,4928.14,69.54
1555999200,1556002799,4928.14,4942.63,4911.25,4930.8,95.89
1556002800,1556006399,4929.29,4944.11,4918.58,4928.87,73.03
1556006400,1556009999,4932.63,4968.96,4925.18,4938.28,145.07
1556010000,1556013599,4930.13,4939.27,4907.0,4928.21,110.03
1556013600,1556017199,4928.21,4949.0,4922.94,4948.0,71.14
1556017200,1556020799,4948.01,4950.0,4931.51,4945.0,70.24
1556020800,1556024399,4945.0,4978.92,4943.09,4974.62,90.93
1556024400,1556027999,4974.61,4992.0,4961.53,4982.01,112.5
1556028000,1556031599,4982.0,5000.0,4976.54,4991.58,100.13
1556031600,1556035199,4985.33,4998.23,4960.0,4976.64,132.51
1556035200,1556038799,4975.93,4990.0,4968.48,4988.28,102.23
1556038800,1556042399,4988.28,5022.12,4978.42,4999.51,151.26
1556042400,1556045999,4999.5,5017.06,4999.5,5011.59,70.0
1556046000,1556049599,5011.35,5012.73,4978.09,4995.59,130.29
1556049600,1556053199,4995.59,4995.71,4967.22,4979.34,83.14
1556053200,1556056799,4979.32,4989.31,4967.89,4967.99,38.24
1556056800,1556060399,4967.89,4976.66,4920.0,4964.5,71.34
1556060400,1556063999,4963.94,4973.39,4942.08,4942.12,27.96
1556064000,1556067599,4942.11,4960.0,4942.11,4949.49,14.98
1556067600,1556071199,4949.43,4966.88,4906.99,4949.12,50.31
1556071200,1556074799,4957.58,4967.15,4942.8,4961.22,9.22
1556074800,1556078399,4960.57,4982.33,4960.52,4979.02,3.96
1556078400,1556081999,4978.82,5010.0,4967.52,4993.01,60.6
1556082000,1556085599,4992.81,5000.0,4974.7,5000.0,32.12
1556085600,1556089199,4999.99,5025.76,4992.15,5000.21,94.03
1556089200,1556092799,5000.1,5010.93,4850.0,4880.01,215.11
1556092800,1556096399,4880.01,4908.23,4850.18,4901.0,166.72
1556096400,1556099999,4901.0,4906.26,4880.0,4884.0,80.17
1556100000,1556103599,4887.46,4893.57,4832.25,4840.74,117.8
1556103600,1556107199,4842.84,4878.94,4829.9,4861.04,119.65
1556107200,1556110799,4861.7,4891.26,4861.0,4885.19,79.26
1556110800,1556114399,4887.09,4908.29,4872.22,4874.38,95.34
1556114400,1556117999,4872.26,4895.09,4870.0,4887.46,89.36
1556118000,1556121599,4887.45,4905.0,4887.45,4889.26,79.53
1556121600,1556125199,4887.48,4896.1,4868.21,4890.3,59.01
1556125200,1556128799,4884.37,4893.61,4865.0,4865.0,66.25
1556128800,1556132399,4865.0,4868.89,4825.21,4853.0,79.25
1556132400,1556135999,4850.78,4889.11,4850.72,4874.02,59.4
1556136000,1556139599,4882.78,4896.4,4873.75,4883.96,58.13
1556139600,1556143199,4887.98,4887.98,4862.42,4879.85,35.28
1556143200,1556146799,4874.11,4889.63,4874.09,4885.22,25.97
1556146800,1556150399,4885.22,4893.14,4867.0,4885.08,33.39
1556150400,1556153999,4887.34,4905.6,4885.21,4899.02,26.59
1556154000,1556157599,4899.04,4901.75,4895.89,4899.53,5.9
1556157600,1556161199,4899.3,4905.0,4875.36,4875.36,5.5
1556161200,1556164799,4875.34,4882.73,4862.7,4881.54,5.18
1556164800,1556168399,4881.54,4894.48,4876.9,4878.01,8.46
1556168400,1556171999,4878.0,4879.42,4862.48,4875.13,29.43
1556172000,1556175599,4878.94,4878.94,4842.0,4850.98,79.51
1556175600,1556179199,4850.98,4885.06,4845.8,4878.38,46.71
1556179200,1556182799,4877.76,4890.67,4864.93,4880.91,69.14
1556182800,1556186399,4880.81,4888.18,4840.0,4877.89,101.89
1556186400,1556189999,4870.19,4914.26,4870.19,4912.61,84.77
1556190000,1556193599,4914.21,4927.13,4891.0,4926.01,51.02
1556193600,1556197199,4926.63,4939.04,4910.17,4919.36,101.95
1556197200,1556200799,4919.16,4919.16,4901.14,4910.14,43.61
1556200800,1556204399,4910.12,4910.14,4886.49,4898.2,56.13
1556204400,1556207999,4898.2,4913.68,4892.28,4903.49,60.53
1556208000,1556211599,4906.96,4926.88,4901.8,4922.26,39.33
1556211600,1556215199,4922.28,4941.96,4922.28,4941.84,60.42
1556215200,1556218799,4939.01,4948.64,4937.6,4947.29,33.29
1556218800,1556222399,4947.69,4956.7,4930.5,4934.97,30.03
1556222400,1556225999,4930.99,4946.78,4925.12,4938.22,33.42
1556226000,1556229599,4946.76,4950.0,4852.0,4856.2,78.09
1556229600,1556233199,4852.0,4852.0,4500.0,4609.99,750.51
1556233200,1556236799,4610.0,4641.69,4581.2,4623.55,83.88
1556236800,1556240399,4612.8,4617.66,4554.85,4606.0,55.18
1556240400,1556243999,4608.6,4645.36,4607.12,4622.69,24.23
1556244000,1556247599,4627.34,4747.11,4609.73,4694.83,44.41
1556247600,1556251199,4698.53,4702.25,4670.88,4679.86,9.67
1556251200,1556254799,4679.45,4710.99,4660.21,4662.22,28.34
1556254800,1556258399,4661.77,4695.77,4661.0,4671.61,58.74
1556258400,1556261999,4671.6,4686.31,4625.0,4650.01,73.92
1556262000,1556265599,4650.01,4664.19,4630.24,4640.24,70.25
1556265600,1556269199,4644.0,4678.14,4629.9,4660.22,93.83
1556269200,1556272799,4660.0,4673.5,4641.0,4647.66,91.93
1556272800,1556276399,4647.55,4674.33,4640.0,4642.15,113.01
1556276400,1556279999,4642.15,4652.89,4623.0,4637.1,78.81
1556280000,1556283599,4637.1,4657.0,4620.2,4650.66,80.02
1556283600,1556287199,4654.66,4658.59,4635.13,4639.99,51.85
1556287200,1556290799,4637.29,4642.1,4625.73,4631.57,46.12
1556290800,1556294399,4635.26,4641.49,4603.0,4616.13,59.09
1556294400,1556297999,4611.2,4615.48,4531.32,4580.0,168.76
1556298000,1556301599,4580.88,4597.48,4556.02,4577.54,58.68
1556301600,1556305199,4575.7,4585.0,4550.0,4551.46,43.29
1556305200,1556308799,4551.45,4579.81,4543.75,4562.28,54.93
1556308800,1556312399,4569.76,4597.0,4562.69,4583.21,60.17
1556312400,1556315999,4575.75,4604.32,4569.23,4600.09,64.38
1556316000,1556319599,4600.1,4650.0,4600.09,4627.14,64.98
1556319600,1556323199,4625.0,4630.84,4613.98,4629.2,34.74
1556323200,1556326799,4630.02,4641.77,4629.0,4630.01,17.27
1556326800,1556330399,4630.01,4630.01,4617.0,4623.71,11.04
1556330400,1556333999,4624.72,4637.04,4618.61,4620.92,3.81
1556334000,1556337599,4622.38,4638.52,4618.57,4620.65,8.1
1556337600,1556341199,4620.6,4620.6,4600.0,4616.33,9.81
1556341200,1556344799,4615.12,4627.9,4603.71,4625.0,7.66
1556344800,1556348399,4624.99,4646.53,4624.99,4642.53,15.92
1556348400,1556351999,4646.52,4655.23,4630.53,4653.87,50.21
1556352000,1556355599,4653.71,4656.96,4633.29,4642.2,32.82
1556355600,1556359199,4636.87,4644.43,4626.79,4626.79,26.02
1556359200,1556362799,4627.0,4639.49,4625.03,4637.97,28.76
1556362800,1556366399,4637.02,4640.34,4633.72,4639.05,20.9
1556366400,1556369999,4638.0,4641.47,4624.54,4629.86,34.78
1556370000,1556373599,4632.06,4640.98,4625.75,4635.15,19.29
1556373600,1556377199,4635.9,4657.2,4634.87,4640.45,45.09
1556377200,1556380799,4644.6,4648.0,4631.29,4631.29,31.82
1556380800,1556384399,4636.64,4650.99,4630.88,4650.98,27.96
1556384400,1556387999,4650.36,4650.37,4613.54,4650.0,188.28
1556388000,1556391599,4647.77,4652.01,4645.02,4647.58,20.23
1556391600,1556395199,4648.45,4684.97,4644.03,4678.53,46.43
1556395200,1556398799,4678.44,4680.7,4658.51,4674.03,26.3
1556398800,1556402399,4670.61,4688.12,4669.11,4675.13,31.75
1556402400,1556405999,4675.13,4684.15,4674.29,4675.75,31.35
1556406000,1556409599,4679.99,4679.99,4644.48,4653.69,44.07
1556409600,1556413199,4652.92,4666.39,4649.37,4663.0,4.15
1556413200,1556416799,4664.51,4665.87,4655.95,4658.14,15.16
1556416800,1556420399,4661.04,4661.04,4633.78,4641.02,11.22
1556420400,1556423999,4641.02,4648.81,4637.57,4647.66,6.32
1556424000,1556427599,4647.66,4647.66,4637.67,4642.54,5.56
1556427600,1556431199,4642.5,4648.91,4633.98,4644.44,11.53
1556431200,1556434799,4645.36,4652.89,4633.19,4651.43,7.01
1556434800,1556438399,4651.79,4658.38,4647.14,4652.07,11.93
1556438400,1556441999,4653.06,4661.74,4648.89,4660.17,18.8
1556442000,1556445599,4658.0,4667.96,4653.09,4658.52,14.09
1556445600,1556449199,4661.72,4680.8,4656.71,4673.0,16.57
1556449200,1556452799,4679.99,4695.56,4672.5,4693.01,29.7
1556452800,1556456399,4693.01,4693.01,4678.0,4680.96,17.9
1556456400,1556459999,4680.96,4682.64,4641.66,4642.01,48.3
1556460000,1556463599,4642.1,4666.05,4642.01,4646.45,21.26
1556463600,1556467199,4647.17,4675.71,4643.25,4670.49,29.04
1556467200,1556470799,4667.56,4670.3,4655.0,4661.2,19.07
1556470800,1556474399,4657.98,4665.18,4642.01,4651.47,27.14
1556474400,1556477999,4650.41,4651.84,4637.0,4644.98,23.64
1556478000,1556481599,4644.88,4644.95,4585.2,4621.18,87.84
1556481600,1556485199,4621.17,4630.0,4604.78,4607.36,40.04
1556485200,1556488799,4607.36,4612.0,4588.01,4606.29,46.86
1556488800,1556492399,4609.56,4628.92,4600.97,4627.46,14.79
1556492400,1556495999,4628.15,4633.57,4612.0,4633.01,22.79
1556496000,1556499599,4633.01,4639.0,4617.74,4639.0,8.31
1556499600,1556503199,4639.0,4639.99,4636.89,4639.98,27.73
1556503200,1556506799,4639.99,4639.99,4636.05,4639.34,5.77
1556506800,1556510399,4639.34,4643.59,4633.43,4635.4,26.19
1556510400,1556513999,4635.47,4649.0,4634.13,4646.25,6.62
1556514000,1556517599,4647.01,4649.25,4636.91,4645.38,21.22
1556517600,1556521199,4644.87,4649.98,4638.43,4646.07,48.41
1556521200,1556524799,4646.11,4648.92,4628.93,4628.93,105.96
1556524800,1556528399,4632.66,4637.05,4627.0,4631.07,50.55
1556528400,1556531999,4631.07,4638.59,4610.01,4624.94,38.34
1556532000,1556535599,4624.94,4632.0,4603.82,4616.62,70.42
1556535600,1556539199,4615.33,4630.13,4615.33,4629.0,35.92
1556539200,1556542799,4629.01,4629.01,4590.0,4601.21,70.54
1556542800,1556546399,4601.0,4610.76,4553.34,4608.51,76.6
1556546400,1556549999,4603.52,4634.99,4603.52,4625.95,41.55
1556550000,1556553599,4624.0,4630.18,4600.0,4607.71,45.45
1556553600,1556557199,4607.71,4632.74,4605.0,4615.56,47.38
1556557200,1556560799,4612.69,4630.8,4606.0,4608.57,52.36
1556560800,1556564399,4611.91,4614.68,4595.0,4613.68,40.53
1556564400,1556567999,4609.08,4614.0,4604.51,4611.94,42.91
1556568000,1556571599,4611.95,4612.0,4583.78,4589.38,112.12
1556571600,1556575199,4585.27,4596.99,4584.76,4591.22,28.51
1556575200,1556578799,4591.3,4593.35,4568.85,4579.55,47.28
1556578800,1556582399,4579.41,4607.94,4575.74,4601.79,19.14
1556582400,1556585999,4601.35,4609.99,4594.91,4602.18,4.52
1556586000,1556589599,4603.32,4613.73,4600.0,4610.0,18.76
1556589600,1556593199,4610.0,4613.61,4596.94,4605.0,11.93
1556593200,1556596799,4604.99,4605.0,4591.72,4600.48,3.8
1556596800,1556600399,4598.12,4600.56,4582.26,4587.44,9.23
1556600400,1556603999,4585.56,4602.0,4585.56,4596.54,12.58
1556604000,1556607599,4591.53,4605.0,4589.06,4604.0,29.46
1556607600,1556611199,4604.01,4610.04,4600.0,4609.93,34.22
1556611200,1556614799,4609.93,4614.72,4599.26,4612.84,44.2
1556614800,1556618399,4612.45,4612.81,4590.23,4597.16,64.81
1556618400,1556621999,4598.8,4638.02,4598.0,4632.49,85.66
1556622000,1556625599,4632.49,4645.39,4627.66,4645.38,46.99
1556625600,1556629199,4645.39,4649.99,4630.0,4647.47,66.93
1556629200,1556632799,4647.47,4700.0,4640.0,4683.14,127.08
1556632800,1556636399,4683.41,4718.04,4680.0,4704.52,109.83
1556636400,1556639999,4704.81,4712.03,4690.0,4707.79,63.45
1556640000,1556643599,4705.78,4709.3,4673.62,4687.02,61.85
1556643600,1556647199,4687.87,4692.15,4665.57,4672.98,37.64
1556647200,1556650799,4671.0,4690.08,4671.0,4687.79,31.8
1556650800,1556654399,4688.31,4690.25,4673.27,4674.0,36.75
1556654400,1556657999,4674.95,4686.36,4670.01,4681.5,32.12
1556658000,1556661599,4681.5,4700.31,4675.26,4700.31,44.83
1556661600,1556665199,4697.53,4726.21,4697.08,4717.0,39.18
1556665200,1556668799,4717.13,4722.31,4700.0,4704.0,15.47
1556668800,1556672399,4703.87,4744.99,4703.01,4734.02,19.55
1556672400,1556675999,4734.01,4740.0,4726.67,4730.0,15.61
1556676000,1556679599,4730.0,4757.35,4729.87,4751.97,23.64
1556679600,1556683199,4751.98,4754.0,4729.32,4737.86,17.8
1556683200,1556686799,4739.77,4751.82,4733.3,4741.42,10.04
1556686800,1556690399,4742.05,4754.27,4737.66,4749.81,19.89
1556690400,1556693999,4749.76,4750.3,4744.0,4749.99,24.09
1556694000,1556697599,4749.96,4750.0,4741.2,4741.46,64.13
1556697600,1556701199,4741.45,4741.69,4720.8,4721.07,31.01
1556701200,1556704799,4720.81,4733.23,4713.57,4728.72,43.3
1556704800,1556708399,4728.71,4729.33,4720.0,4724.0,31.14
1556708400,1556711999,4723.99,4745.82,4723.99,4741.09,30.25
1556712000,1556715599,4740.01,4740.55,4713.14,4723.47,48.73
1556715600,1556719199,4725.01,4725.36,4709.5,4719.2,21.22
1556719200,1556722799,4718.63,4718.85,4705.0,4706.34,22.9
1556722800,1556726399,4706.33,4715.16,4705.0,4715.16,23.57
1556726400,1556729999,4715.09,4719.78,4708.98,4711.52,21.05
1556730000,1556733599,4711.45,4759.99,4705.11,4757.0,48.92
1556733600,1556737199,4757.0,4759.99,4712.01,4745.8,51.68
1556737200,1556740799,4741.11,4748.98,4720.8,4740.76,17.95
1556740800,1556744399,4739.17,4752.13,4737.53,4745.69,16.25
1556744400,1556747999,4746.2,4750.0,4728.24,4737.47,15.45
1556748000,1556751599,4734.1,4742.15,4726.63,4730.87,17.23
1556751600,1556755199,4731.41,4752.01,4728.94,4751.9,16.5
1556755200,1556758799,4746.6,4759.97,4741.11,4742.03,7.42
1556758800,1556762399,4742.2,4748.15,4737.06,4745.3,4.22
1556762400,1556765999,4745.42,4756.78,4744.37,4746.19,11.04
1556766000,1556769599,4747.3,4752.83,4745.13,4751.38,5.88
1556769600,1556773199,4753.27,4753.27,4735.43,4745.0,12.67
1556773200,1556776799,4745.0,4755.01,4738.78,4747.01,11.33
1556776800,1556780399,4751.41,4758.1,4745.01,4756.79,23.29
1556780400,1556783999,4755.83,4779.99,4755.01,4764.37,112.03
1556784000,1556787599,4764.37,4799.99,4760.83,4793.49,99.28
1556787600,1556791199,4793.5,4799.99,4769.0,4784.24,64.64
1556791200,1556794799,4781.8,4797.0,4777.55,4786.1,46.09
1556794800,1556798399,4787.42,4799.95,4786.03,4797.34,70.82
1556798400,1556801999,4797.33,4805.0,4789.0,4800.42,64.26
1556802000,1556805599,4798.92,4799.99,4775.0,4799.99,64.08
1556805600,1556809199,4799.99,4827.85,4795.59,4812.02,79.7
1556809200,1556812799,4812.24,4847.89,4811.48,4844.51,86.77
1556812800,1556816399,4843.1,4850.0,4806.85,4814.57,55.98
1556816400,1556819999,4814.71,4843.04,4814.71,4828.65,59.68
1556820000,1556823599,4832.11,4839.99,4825.42,4826.88,33.96
1556823600,1556827199,4826.87,4853.01,4824.02,4840.6,101.03
1556827200,1556830799,4840.59,4848.0,4829.61,4842.54,67.97
1556830800,1556834399,4843.0,4858.0,4842.1,4843.06,38.63
1556834400,1556837999,4849.39,4851.06,4840.01,4841.8,23.4
1556838000,1556841599,4840.0,4841.09,4817.62,4830.0,41.8
1556841600,1556845199,4825.71,4840.16,4810.12,4834.84,13.74
1556845200,1556848799,4840.16,4869.0,4840.0,4861.42,7.95
1556848800,1556852399,4862.88,4897.3,4854.13,4897.3,20.61
1556852400,1556855999,4893.33,4897.3,4881.38,4892.88,17.74
1556856000,1556859599,4893.12,4924.0,4884.61,4920.01,47.59
1556859600,1556863199,4920.0,4924.0,4896.92,4914.05,38.46
1556863200,1556866799,4914.05,4978.0,4889.16,4949.82,243.42
1556866800,1556870399,4949.74,5008.0,4944.66,4999.87,178.54
1556870400,1556873999,4999.96,5117.0,4975.01,5084.39,356.91
1556874000,1556877599,5080.77,5184.99,5064.81,5180.0,308.87
1556877600,1556881199,5175.63,5179.76,5062.55,5077.0,434.3
1556881200,1556884799,5074.66,5125.0,5074.66,5110.45,112.55
1556884800,1556888399,5110.45,5150.0,5097.89,5118.28,165.08
1556888400,1556891999,5118.53,5158.28,5118.13,5145.92,86.64
1556892000,1556895599,5145.92,5167.69,5107.37,5122.34,186.83
1556895600,1556899199,5117.28,5125.49,5076.98,5110.88,112.98
1556899200,1556902799,5103.03,5118.6,5076.0,5076.31,86.93
1556902800,1556906399,5075.44,5090.0,5012.01,5055.28,338.06
1556906400,1556909999,5060.0,5088.18,5041.53,5080.75,59.7
1556910000,1556913599,5073.46,5080.23,5054.65,5059.78,40.08
1556913600,1556917199,5061.47,5089.98,5055.86,5073.07,55.0
1556917200,1556920799,5073.01,5084.39,5059.04,5082.3,48.03
1556920800,1556924399,5082.3,5083.23,5031.58,5061.22,33.11
1556924400,1556927999,5061.21,5061.21,5037.39,5048.02,24.49
1556928000,1556931599,5049.74,5125.18,5043.14,5108.16,44.66
1556931600,1556935199,5100.02,5175.9,5091,5150.14,27.67
1556935200,1556938799,5156.58,5161.52,5120.92,5132.69,13.06
1556938800,1556942399,5131.17,5141.42,5089.99,5104.16,14.1
1556942400,1556945999,5110.24,5110.24,5055.84,5091.47,21.77
1556946000,1556949599,5091,5101.97,5071.17,5085.32,19.77
1556949600,1556953199,5086.41,5104.38,5073.25,5104.38,18.44
1556953200,1556956799,5104.37,5141.44,5104.37,5130.02,42.9
1556956800,1556960399,5130.02,5130.02,5086.72,5113.3,64.84
1556960400,1556963999,5113.3,5129,5100,5100,34.08
1556964000,1556967599,5100,5113.14,5070.67,5095.56,102.55
1556967600,1556971199,5095.57,5118.57,5095.07,5105.03,30.46
1556971200,1556974799,5104.03,5113.31,5082,5094.97,48.24
1556974800,1556978399,5089.53,5100,4939.32,4970.52,221.36
1556978400,1556981999,4975,4988.71,4925,4969.01,127.23
1556982000,1556985599,4969.1,4981.6,4949.17,4956,46.67
1556985600,1556989199,4956.01,4985,4939.13,4977.76,39.24
1556989200,1556992799,4972.4,4997.51,4967.29,4993.06,30.35
1556992800,1556996399,4989.28,4995,4974,4993.74,21.77
1556996400,1556999999,4993.74,5015,4987.33,5010,52.85
1557000000,1557003599,5010.67,5079,5010,5078.99,61.76
1557003600,1557007199,5078.99,5184.46,5078.99,5161.1,180.82
1557007200,1557010799,5160.66,5186,5113.76,5175,111.96
1557010800,1557014399,5174.99,5183.01,5155,5160.82,132.98
1557014400,1557017999,5160.63,5163.88,5082.3,5141.55,78.31
1557018000,1557021599,5140.25,5140.65,5110.27,5116.72,5.95
1557021600,1557025199,5117.86,5146.2,5116.66,5126.15,20.07
1557025200,1557028799,5121.01,5138.01,5112.88,5137.97,13.84
1557028800,1557032399,5137.97,5137.97,5094.99,5108.7,8.82
1557032400,1557035999,5109.75,5137.61,5109.74,5131.75,16.94
1557036000,1557039599,5128.28,5140.4,5110.24,5124.6,24.01
1557039600,1557043199,5124.6,5126.95,5081,5087.6,24.38
1557043200,1557046799,5090.03,5110,5066.62,5102.53,33.8
1557046800,1557050399,5105.52,5111.66,5090,5091.06,28.49
1557050400,1557053999,5090.03,5120,5079.78,5119.7,43.59
1557054000,1557057599,5119.73,5120,5095,5097.61,23.43
1557057600,1557061199,5097.83,5120,5097.55,5119.2,25.56
1557061200,1557064799,5120,5137.56,5107.7,5119.89,38.21
1557064800,1557068399,5120,5120,5088,5112.38,39.41
1557068400,1557071999,5112.37,5113.68,5093.11,5104.96,25.4
1557072000,1557075599,5099.03,5105.27,5075,5097.51,37.26
1557075600,1557079199,5096.55,5100.98,5066.62,5066.62,37.44
1557079200,1557082799,5066.99,5100,5031.01,5098.99,58.73
1557082800,1557086399,5098.99,5117,5092.53,5096.74,33.56
1557086400,1557089999,5096.58,5143.35,5095.51,5143.35,42.7
1557090000,1557093599,5143.34,5169,5125.67,5139.05,45.15
1557093600,1557097199,5133.69,5142.15,5102.72,5102.72,27.59
1557097200,1557100799,5102.01,5128.3,5100.13,5110.87,13.62
1557100800,1557104399,5109.65,5120.6,5053.99,5066.9,32.02
1557104400,1557107999,5066.72,5086.74,4990,5021.29,80.15
1557108000,1557111599,5024.84,5042.77,5014.99,5026.06,9.77
1557111600,1557115199,5025.76,5040.78,5023,5031.14,13.44
1557115200,1557118799,5031.91,5060,5015.01,5060,31.96
1557118800,1557122399,5059.99,5064.58,5047.78,5051.94,29.25
1557122400,1557125999,5054.76,5056.58,5005.52,5029.57,67.41
1557126000,1557129599,5028.66,5039.07,4992.18,5000.38,76.32
1557129600,1557133199,4995.03,5033.25,4988.08,5013.85,78.19
1557133200,1557136799,5013.84,5046.29,5011.76,5036.94,50.51
1557136800,1557140399,5036.94,5057.98,5022.05,5030,48.72
1557140400,1557143999,5026.07,5053.32,5026.07,5048.01,49.27
1557144000,1557147599,5048.01,5048.01,5026.9,5030.9,24
1557147600,1557151199,5025.01,5049.93,5025.01,5048.44,38.72
1557151200,1557154799,5048.43,5072.77,5044.01,5063.11,52.06
1557154800,1557158399,5060.03,5072.6,5053.58,5060.28,37.67
1557158400,1557161999,5060.28,5109.81,5060.28,5099.86,92.39
1557162000,1557165599,5093.53,5110.01,5087.01,5095.5,54.9
1557165600,1557169199,5095.51,5128.7,5090.32,5127.69,49.08
1557169200,1557172799,5127.68,5135.62,5108.54,5124.96,38.03
1557172800,1557176399,5124.96,5124.97,5068.01,5092.56,47.13
1557176400,1557179999,5091.26,5098.98,5073.11,5081,24.44
1557180000,1557183599,5081,5110,5080.99,5096.85,26.64
1557183600,1557187199,5093.51,5098.17,5077.03,5080.91,11.2
1557187200,1557190799,5080.99,5135.62,5080.99,5129.76,34.61
1557190800,1557194399,5133.65,5158.98,5133.65,5139.33,23.89
1557194400,1557197999,5136.43,5259,5135.24,5259,235.69
1557198000,1557201599,5259.99,5300,5240.02,5250.82,80.74
1557201600,1557205199,5250,5260.07,5212.6,5245.67,64.78
1557205200,1557208799,5237.61,5268.5,5236.59,5237.89,43.92
1557208800,1557212399,5242.42,5260,5234,5242.69,77.75
1557212400,1557215999,5243,5255.69,5223.41,5254.84,120.34
1557216000,1557219599,5250.04,5259.99,5245,5250.54,95.4
1557219600,1557223199,5250.53,5296.65,5241.55,5281.03,70.95
1557223200,1557226799,5281.03,5290.56,5259.15,5272.03,103.71
1557226800,1557230399,5272.35,5274.99,5240.8,5270.88,84.56
1557230400,1557233999,5270.72,5288.84,5266.75,5287.5,79.74
1557234000,1557237599,5281.51,5322,5260.71,5320.03,100.02
1557237600,1557241199,5320.03,5328.99,5156.44,5212.43,237.74
1557241200,1557244799,5215.62,5248,5215.08,5247.99,142.7
1557244800,1557248399,5248,5282,5243.68,5281,61.66
1557248400,1557251999,5280.98,5292,5274.87,5280.18,58.86
1557252000,1557255599,5280.18,5281.69,5252.93,5267.29,59.7
1557255600,1557259199,5266.78,5271.68,5201,5230.78,109.44
1557259200,1557262799,5234.98,5258.97,5225,5242.93,43.69
1557262800,1557266399,5240,5268.99,5229.45,5267.52,33.76
1557266400,1557269999,5267.51,5274.85,5250.11,5267.99,27.6
1557270000,1557273599,5265.98,5278,5119.63,5147.32,99.91
1557273600,1557277199,5141.28,5177.78,5080,5161.97,75.51
1557277200,1557280799,5165.7,5186.7,5158.6,5181.02,21.15
1557280800,1557284399,5179.8,5192.49,5167.45,5180.32,10.6
1557284400,1557287999,5180.31,5180.31,5157.31,5173.18,14.08
1557288000,1557291599,5174.16,5194.49,5167.03,5194.13,17.9
1557291600,1557295199,5189,5194.88,5171.21,5184.99,21.96
1557295200,1557298799,5185,5221.28,5180.78,5208.72,70.22
1557298800,1557302399,5205.26,5221.62,5200.01,5212,69.58
1557302400,1557305999,5207.24,5221.28,5184.24,5188.97,65.71
1557306000,1557309599,5189.06,5199,5184.53,5189.49,62.98
1557309600,1557313199,5189.11,5220,5189,5217.48,55.56
1557313200,1557316799,5216.75,5244.9,5204,5227.14,77.11
1557316800,1557320399,5223.04,5251.04,5220.67,5234.97,88.1
1557320400,1557323999,5230.1,5244.04,5220.22,5242,55.5
1557324000,1557327599,5242,5249.05,5206.35,5246.66,45.6
1557327600,1557331199,5243,5285.01,5234.11,5261.79,334.49
1557331200,1557334799,5261.67,5279.43,5250,5251.8,39.83
1557334800,1557338399,5250.01,5267.5,5241.18,5263.31,47.27
1557338400,1557341999,5263.44,5270,5232.41,5262.72,46.6
1557342000,1557345599,5255.88,5282.74,5246.19,5275.72,35.33
1557345600,1557349199,5275.95,5281.69,5252.71,5279.2,34.53
1557349200,1557352799,5275.98,5280.86,5260.92,5278.13,26.85
1557352800,1557356399,5279.21,5311.33,5262.3,5301.96,53.91
1557356400,1557359999,5305.85,5342,5220.5,5302,189.11
1557360000,1557363599,5302,5395.54,5297.46,5369.36,152.2
1557363600,1557367199,5369.36,5422.61,5369.36,5401.57,63.83
1557367200,1557370799,5401.61,5403.06,5379.09,5394.89,13.92
1557370800,1557374399,5394.9,5396.59,5372.87,5381.96,27.23
1557374400,1557377999,5381.95,5389.99,5372.54,5389.99,60.36
1557378000,1557381599,5389.98,5416.65,5382.07,5400.2,150.45
1557381600,1557385199,5400.2,5433.64,5373.78,5422.77,88.15
1557385200,1557388799,5420.4,5433.59,5401.03,5419,125.63
1557388800,1557392399,5417.86,5443.31,5413.08,5422.91,104.18
1557392400,1557395999,5423.43,5424.23,5372.46,5412.02,79.9
1557396000,1557399599,5412.01,5435.7,5412.01,5421.06,80.83
1557399600,1557403199,5421.01,5433.18,5390,5402.9,102.54
1557403200,1557406799,5400.02,5406.98,5360,5369,83.15
1557406800,1557410399,5369.02,5371,5324.29,5360,107.34
1557410400,1557413999,5361.81,5366.72,5333.29,5345.53,88.67
1557414000,1557417599,5346.32,5372.8,5340,5349.27,102.8
1557417600,1557421199,5349,5407,5349,5406.99,72.89
1557421200,1557424799,5405.65,5417.92,5387.48,5404.32,87.98
1557424800,1557428399,5404.5,5420,5388.34,5401.01,62.43
1557428400,1557431999,5401.01,5420,5388.99,5417.1,53.52
1557432000,1557435599,5417.1,5448.5,5409.02,5431.25,87.03
1557435600,1557439199,5429.4,5510.26,5425.41,5458.99,191.93
1557439200,1557442799,5459,5503.82,5450.01,5501.1,57.58
1557442800,1557446399,5505,5520.5,5450.53,5481.99,88.05
1557446400,1557449999,5474.34,5487.92,5441.89,5441.89,35.8
1557450000,1557453599,5443.83,5489.99,5427.38,5489.99,39.88
1557453600,1557457199,5489.99,5561.97,5489.98,5541.53,202.18
1557457200,1557460799,5541.12,5610.5,5541.11,5596.69,72.65
1557460800,1557464399,5590.81,5612,5536.23,5612,61.94
1557464400,1557467999,5610.49,5610.49,5574,5598.6,117.05
1557468000,1557471599,5598.66,5611.9,5575,5611,100.36
1557471600,1557475199,5611,5640,5591.07,5632.67,140.53
1557475200,1557478799,5632.44,5640,5590,5602.04,153.26
1557478800,1557482399,5600.03,5607.44,5582.07,5606,96.94
1557482400,1557485999,5605.99,5628.17,5600,5600.01,91.33
1557486000,1557489599,5600,5611.09,5588.76,5608.84,104.74
1557489600,1557493199,5604.53,5609.21,5570,5599.34,86.93
1557493200,1557496799,5598.96,5613,5580,5591.22,118.11
1557496800,1557500399,5592.04,5593.69,5565,5572.43,133.61
1557500400,1557503999,5574.29,5628.14,5574.29,5627.34,123.08
1557504000,1557507599,5627.31,5722.15,5612.37,5687.62,183.15
1557507600,1557511199,5687.75,5719.97,5650,5717.66,130.66
1557511200,1557514799,5715.51,5722,5690,5708.18,98.47
1557514800,1557518399,5709.33,5709.37,5680,5685.36,41.16
1557518400,1557521999,5685.36,5685.36,5560.1,5600.99,87.32
1557522000,1557525599,5600.54,5652.79,5600,5644.42,83.62
1557525600,1557529199,5642.18,5688.98,5635.44,5680.95,77.6
1557529200,1557532799,5680.98,5680.98,5650,5651.29,51.99
1557532800,1557536399,5651.29,5678.89,5650,5674.69,32.31
1557536400,1557539999,5674.68,5750,5670,5749.99,70.79
1557540000,1557543599,5750,5794.98,5732.65,5789.99,49.52
1557543600,1557547199,5790,5848.97,5790,5826.46,118.9
1557547200,1557550799,5830.13,6000,5813.47,5950.01,172.45
1557550800,1557554399,5950.12,5998.99,5900,5975.65,166.8
1557554400,1557557999,5980.99,6198.22,5958.43,6077.93,442.04
1557558000,1557561599,6075.98,6100.99,6020.01,6034.81,287.09
1557561600,1557565199,6046.68,6060.95,5919.59,5922,252.49
1557565200,1557568799,5937.08,6049.5,5922,6031.59,286.29
1557568800,1557572399,6031.63,6094.91,6030.79,6076.27,192.84
1557572400,1557575999,6069.99,6078.83,6012.37,6025,107.22
1557576000,1557579599,6020.1,6042.03,5959.1,6021.02,138.31
1557579600,1557583199,6021.13,6050,6008.5,6043.99,65.55
1557583200,1557586799,6047.59,6049.99,6010.71,6025.69,69.33
1557586800,1557590399,6025.75,6150.01,6005,6144.96,183.69
1557590400,1557593999,6144.96,6188,6094.77,6138.97,194.87
1557594000,1557597599,6138.96,6170,6100,6162,102.88
1557597600,1557601199,6161.92,6188.42,6142,6159.98,138.14
1557601200,1557604799,6159.47,6160,6110,6138.75,89.59
1557604800,1557608399,6125.34,6170,6125.34,6168.2,71.72
1557608400,1557611999,6164.14,6266.05,6142.81,6266.05,137.09
1557612000,1557615599,6266.96,6482.94,6255.78,6413.11,358.92
1557615600,1557619199,6413.08,6553.22,6279,6320,414.7
1557619200,1557622799,6315.33,6419.97,6011,6185.93,335.2
1557622800,1557626399,6166.85,6439.9,6166.85,6414.21,241.54
1557626400,1557629999,6410.72,6457.6,6372.67,6372.67,65.09
1557630000,1557633599,6375.93,6426.33,6320.02,6374.5,37.39
1557633600,1557637199,6368.76,6434.3,6368.76,6399.98,26.65
1557637200,1557640799,6399.99,6565.84,6399.98,6516.71,95.43
1557640800,1557644399,6529.95,6620,6489.98,6572.61,148.16
1557644400,1557647999,6572.68,6729.99,6572.68,6710.68,229
1557648000,1557651599,6709.58,6765.45,6400.03,6621.83,511.15
1557651600,1557655199,6621.85,6735,6491.55,6561.35,300.96
1557655200,1557658799,6561.47,6638.86,6412,6458.91,248.94
1557658800,1557662399,6441.72,6481.68,6175.01,6386.58,609.23
1557662400,1557665999,6380.14,6389.33,6240.7,6375.54,206.05
1557666000,1557669599,6372.4,6430,6308.62,6320.01,165.55
1557669600,1557673199,6320.01,6347.05,6111.12,6152.12,245.43
1557673200,1557676799,6156.87,6235.44,5858.01,5941.17,645.98
1557676800,1557680399,5925.9,6074.1,5920,5961.47,315.36
1557680400,1557683999,5960.68,6050,5930.33,6048.93,160.3
1557684000,1557687599,6048.4,6309,6048.4,6302.86,327.88
1557687600,1557691199,6302.78,6302.78,6181.38,6239.17,158.44
1557691200,1557694799,6239.29,6399.91,6218.01,6397.72,156.05
1557694800,1557698399,6397.56,6398.5,6276.93,6366,144.12
1557698400,1557701999,6365.99,6370.94,6119,6207.96,171.39
1557702000,1557705599,6207.59,6209.78,6101.08,6203.03,71.55
1557705600,1557709199,6196.29,6247.37,6108.69,6231.86,43.98
1557709200,1557712799,6238.51,6277.51,6228.92,6243.2,29.04
1557712800,1557716399,6232.65,6249.3,6200.84,6247,22.94
1557716400,1557719999,6246.99,6277.4,6222.58,6223.03,16.42
1557720000,1557723599,6234.41,6299,6221.86,6298,28.46
1557723600,1557727199,6297.36,6362.51,6261,6264.92,60.68
1557727200,1557730799,6262.69,6310.63,6244.11,6303.68,136.46
1557730800,1557734399,6302.86,6303.7,6245,6255.85,74.52
1557734400,1557737999,6257.8,6298.64,6245,6282.68,86.83
1557738000,1557741599,6281,6350.01,6281,6319.42,155.78
1557741600,1557745199,6316,6334.94,6281.08,6333.95,79.19
1557745200,1557748799,6331.3,6550,6304.83,6480,328.68
1557748800,1557752399,6487.3,6541.39,6454.55,6529.97,251.4
1557752400,1557755999,6529.76,6622.91,6524.03,6584.99,387.59
1557756000,1557759599,6584.99,6710,6553.36,6690.21,382.9
1557759600,1557763199,6690.45,7086.34,6679.06,6979.89,1041.19
1557763200,1557766799,6979.89,7094.99,6931.5,7054.99,550.64
1557766800,1557770399,7036,7074.6,6892.65,6949.24,417.32
1557770400,1557773999,6948.43,7030,6905,7007.27,190.18
1557774000,1557777599,6994.6,7070,6962.49,7048.28,195.76
1557777600,1557781199,7040,7049.95,6937.45,6998.38,273.85
1557781200,1557784799,6998.14,7313.62,6994.87,7228.38,528.57
1557784800,1557788399,7228,7264.49,7011.21,7050.67,291.28
1557788400,1557791999,7051.15,7073.71,6762.34,6963.23,499.05
1557792000,1557795599,6972.28,7109.99,6943.98,7044.79,75.75
1557795600,1557799199,7047.55,7198,7040.75,7112.31,63.93
1557799200,1557802799,7123.58,7134.88,6940,7017.48,171.01
1557802800,1557806399,7017.48,7088.52,7000.1,7070.2,86.23
1557806400,1557809999,7071.87,7161.93,7070.99,7130,92.76
1557810000,1557813599,7132.23,7181.16,7093.31,7115.43,169.82
1557813600,1557817199,7115.43,7189.9,7103.29,7175.55,160.15
1557817200,1557820799,7188.65,7435.85,7177.41,7435.85,454.23
1557820800,1557824399,7435.85,7440,7051.75,7138.84,561.98
1557824400,1557827999,7126.03,7273.87,7121.82,7192.36,240.9
1557828000,1557831599,7190.66,7200,7069.84,7198.65,309.27
1557831600,1557835199,7185.77,7228.99,7150,7165.07,170.51
1557835200,1557838799,7165.17,7345.23,7165.17,7325.99,182.58
1557838800,1557842399,7325.99,7332.58,7227.43,7296.19,150.28
1557842400,1557845999,7296.18,7320.4,7100,7200,289.32
1557846000,1557849599,7198.13,7232.43,7100,7100,149.53
1557849600,1557853199,7100,7171.99,6882.3,7155.34,470.19
1557853200,1557856799,7150.21,7199,7071.18,7180,157.83
1557856800,1557860399,7184.27,7200,6977.87,6982.1,223.98
1557860400,1557863999,6982.16,6989.43,6810,6927.06,596.21
1557864000,1557867599,6927.28,7033.03,6816,6878.82,185.11
1557867600,1557871199,6879.32,6993.78,6810,6949.72,228.1
1557871200,1557874799,6945.15,7099.54,6945,7058.88,146.17
1557874800,1557878399,7060.25,7185,7007.09,7124.53,75.19
1557878400,1557881999,7128.6,7266.83,7083.25,7162.5,118.27
1557882000,1557885599,7151.33,7215.64,7104.58,7133.98,25.57
1557885600,1557889199,7134.07,7199.99,7106.62,7184.03,26.56
1557889200,1557892799,7195.05,7229.07,7150.21,7192.52,36.57
1557892800,1557896399,7192.55,7192.56,7106.5,7115,57.02
1557896400,1557899999,7115.41,7199,7115.41,7154.99,93.57
1557900000,1557903599,7158.26,7194.21,7127.63,7154.33,104.14
1557903600,1557907199,7156.59,7165,7000.31,7050,211.51
1557907200,1557910799,7049.99,7107.11,7011.29,7047.67,112.06
1557910800,1557914399,7046.04,7210,7045,7210,122.04
1557914400,1557917999,7210,7310,7201,7212.63,256.21
1557918000,1557921599,7201.07,7256.41,7113.58,7128.96,176.69
1557921600,1557925199,7128.95,7192.37,7061,7155,128.45
1557925200,1557928799,7150.42,7220,7070,7144.03,215.7
1557928800,1557932399,7149.97,7172.46,7080,7095.09,170.47
1557932400,1557935999,7086.32,7179.34,7086.32,7170.81,111.59
1557936000,1557939599,7170.81,7195.64,7100,7156.32,124.2
1557939600,1557943199,7156.99,7270.92,7150,7247.5,203.16
1557943200,1557946799,7247.5,7383.02,7200,7341.89,274.99
1557946800,1557950399,7349,7403,7223.03,7331,262.58
1557950400,1557953999,7330,7379,7266.57,7290.13,167.84
1557954000,1557957599,7291.03,7311.33,7250.33,7270.01,123.62
1557957600,1557961199,7270.01,7326,7265.22,7319.01,71.11
1557961200,1557964799,7319.01,7394.3,7273.5,7326.29,78.73
1557964800,1557968399,7325.96,7457,7285.01,7439.99,85.2
1557968400,1557971999,7436.26,7468.35,7380.04,7424.54,76.87
1557972000,1557975599,7424.5,7440,7366.28,7421.57,75.28
1557975600,1557979199,7406.28,7421.57,7328.48,7352.25,46.68
1557979200,1557982799,7354.98,7354.98,7020.32,7124.44,260.15
1557982800,1557986399,7124.3,7184.17,7103.19,7131,154.12
1557986400,1557989999,7131,7264.84,7102.51,7262.11,146.38
1557990000,1557993599,7258.27,7262.99,7155.01,7156.12,196.12
1557993600,1557997199,7155.19,7196.26,7134.57,7147.58,163.27
1557997200,1558000799,7135.07,7209,7119,7119,97.52
1558000800,1558004399,7124.75,7134,6933.08,7016.21,392.56
1558004400,1558007999,7016.21,7105,7001.08,7039.36,172.31
1558008000,1558011599,7032.23,7085.73,6950,6969.31,155.27
1558011600,1558015199,6969.4,7047.85,6969.4,7042.28,108.23
1558015200,1558018799,7036.37,7167.98,7034.36,7128.6,185.48
1558018800,1558022399,7125.21,7198.96,7110.99,7177.65,135.71
1558022400,1558025999,7192.53,7194.39,7105,7105,156.23
1558026000,1558029599,7105,7126.52,7045,7091.58,71.51
1558029600,1558033199,7088.64,7129.23,7046.44,7067.69,67.33
1558033200,1558036799,7074.83,7096.64,6985,7012.9,152.89
1558036800,1558040399,7013.3,7063,6876.11,6881.63,212.71
1558040400,1558043999,6881.63,7120,6862.01,7099,212.34
1558044000,1558047599,7099.0,7110.0,7000.0,7000.0,55.93918672
1558047600,1558051199,7000.09,7059.0,6986.57,7055.0,33.08721092
1558051200,1558054799,7055.01,7097.99,7044.15,7055.88,35.18619446
1558054800,1558058399,7054.59,7064.25,6950.49,6986.08,36.06359689
1558058400,1558061999,6978.43,7002.58,6711.01,6715.78,206.25242045
1558062000,1558065599,6715.86,6715.87,6000.0,6535.6,1076.33715732
1558065600,1558069199,6528.08,6671.44,6374.3,6460.1,267.73404672
1558069200,1558072799,6460.23,6568.99,6355.0,6355.03,301.82113379
1558072800,1558076399,6374.95,6459.03,6248.01,6410.17,396.54646894
1558076400,1558079999,6399.78,6588.99,6398.41,6528.27,321.30959573
1558080000,1558083599,6516.8,6539.04,6463.0,6530.49,157.9510615
1558083600,1558087199,6524.06,6549.0,6460.78,6529.32,158.94798389
1558087200,1558090799,6538.38,6538.97,6410.0,6475.32,177.16978869
1558090800,1558094399,6468.98,6490.0,6320.0,6409.97,265.98750837
1558094400,1558097999,6406.62,6411.15,6150.0,6350.0,765.49747114
1558098000,1558101599,6350.0,6410.0,6291.61,6410.0,259.36031406
1558101600,1558105199,6410.0,6500.0,6400.0,6404.98,263.5445547
1558105200,1558108799,6402.34,6442.58,6350.0,6350.01,124.02979936
1558108800,1558112399,6350.01,6446.72,6256.24,6355.0,298.02902994
1558112400,1558115999,6355.0,6370.0,6264.48,6303.3,160.65865418
1558116000,1558119599,6303.21,6364.08,6261.83,6351.1,89.62915558
1558119600,1558123199,6351.57,6390.0,6302.31,6389.87,117.60474487
1558123200,1558126799,6379.23,6389.87,6325.18,6370.0,62.08961593
1558126800,1558130399,6371.99,6499.0,6371.25,6499.0,133.75113376
1558130400,1558133999,6498.99,6581.82,6460.03,6487.07,179.7963795
1558134000,1558137599,6485.07,6640.45,6485.07,6607.41,120.55031659
1558137600,1558141199,6608.4,6666.64,6542.35,6551.84,91.23041075
1558141200,1558144799,6564.92,6598.31,6511.13,6531.23,23.52093362
1558144800,1558148399,6529.76,6586.42,6523.96,6562.9,30.85093258
1558148400,1558151999,6562.96,6625.49,6560.34,6625.02,28.47997979
1558152000,1558155599,6630.0,6669.99,6578.29,6669.18,46.52639792
1558155600,1558159199,6669.17,6749.0,6629.15,6699.02,122.61856316
1558159200,1558162799,6697.0,6704.88,6630.0,6633.92,90.92334712
1558162800,1558166399,6633.91,6660.63,6568.09,6585.0,102.26400005
1558166400,1558169999,6584.99,6649.97,6575.0,6598.28,86.4616709
1558170000,1558173599,6598.28,6598.28,6474.81,6568.16,107.00191866
1558173600,1558177199,6567.63,6574.07,6533.67,6552.0,44.05662584
1558177200,1558180799,6552.0,6630.96,6551.99,6585.08,55.61761993
1558180800,1558184399,6585.21,6619.37,6569.3,6577.52,46.20904023
1558184400,1558187999,6577.95,6591.0,6545.08,6591.0,47.43951529
1558188000,1558191599,6590.03,6635.46,6590.03,6620.0,37.04914696
1558191600,1558195199,6620.0,6657.07,6602.59,6628.01,56.33324967
1558195200,1558198799,6628.0,6645.0,6601.08,6618.64,35.98417671
1558198800,1558202399,6618.64,6620.0,6535.18,6563.57,41.48249383
1558202400,1558205999,6563.75,6573.17,6504.99,6537.93,40.06100652
1558206000,1558209599,6532.26,6579.89,6512.22,6519.99,44.58067375
1558209600,1558213199,6519.6,6550.01,6510.0,6550.0,23.24282826
1558213200,1558216799,6550.01,6596.81,6535.0,6590.2,16.72201357
1558216800,1558220399,6584.65,6598.25,6542.32,6557.46,17.37867999
1558220400,1558223999,6556.64,6570.0,6517.0,6540.01,48.63463265
1558224000,1558227599,6540.0,6569.0,6522.1,6559.68,10.32556188
1558227600,1558231199,6558.71,6885.8,6558.71,6829.73,200.39193321
1558231200,1558234799,6829.15,7010.0,6829.15,6927.2,113.33963259
1558234800,1558238399,6931.33,7140.0,6889.36,7129.25,83.72080355
1558238400,1558241999,7128.48,7195.99,7049.0,7154.89,104.71686573
1558242000,1558245599,7163.54,7196.35,7100.0,7119.0,119.51305306
1558245600,1558249199,7117.34,7156.0,7110.0,7129.63,88.82578471
1558249200,1558252799,7124.0,7193.42,7102.14,7154.98,110.59371064
1558252800,1558256399,7153.79,7176.82,7121.53,7168.01,102.96940477
1558256400,1558259999,7168.02,7260.0,7150.0,7260.0,139.4750722
1558260000,1558263599,7259.99,7328.39,7220.0,7265.68,254.49350609
1558263600,1558267199,7261.01,7279.0,7190.0,7201.69,125.0322715
1558267200,1558270799,7214.01,7226.48,7025.01,7144.43,196.14582342
1558270800,1558274399,7141.01,7165.72,7040.0,7080.21,102.53509035
1558274400,1558277999,7080.21,7138.17,7080.21,7138.0,53.32581746
1558278000,1558281599,7134.27,7181.27,7110.81,7162.03,54.47503362
1558281600,1558285199,7162.03,7169.95,7084.93,7129.98,63.68273607
1558285200,1558288799,7120.96,7293.78,7112.07,7168.55,195.52073022
1558288800,1558292399,7168.23,7184.94,7148.48,7179.07,45.16523484
1558292400,1558295999,7167.17,7254.99,7132.21,7145.33,109.9697668
1558296000,1558299599,7145.36,7206.55,7103.0,7200.0,131.44569095
1558299600,1558303199,7199.43,7246.97,7193.38,7237.9,81.87129608
1558303200,1558306799,7237.89,7400.0,7197.34,7359.8,216.79041905
1558306800,1558310399,7358.99,7438.42,7324.89,7348.33,166.75044914
1558310400,1558313999,7340.04,7346.13,7013.0,7109.19,255.74712567
1558314000,1558317599,7120.04,7170.45,7056.83,7158.0,23.5233487
1558317600,1558321199,7154.9,7158.0,7068.78,7113.21,11.39953962
1558321200,1558324799,7115.41,7273.54,7106.33,7230.44,33.1892067
1558324800,1558328399,7230.29,7297.13,7204.29,7213.44,43.36364695
1558328400,1558331999,7223.09,7223.09,7128.04,7190.01,62.41015664
1558332000,1558335599,7193.38,7193.38,7070.7,7079.36,86.33447218
1558335600,1558339199,7090.43,7178.75,7050.29,7091.13,146.24050531
1558339200,1558342799,7089.53,7105.0,6954.51,7083.95,189.46645682
1558342800,1558346399,7083.33,7131.85,7030.0,7098.64,92.52788438
1558346400,1558349999,7098.67,7153.17,7084.43,7118.0,87.85829245
1558350000,1558353599,7124.93,7142.25,7050.0,7060.44,159.97066393
1558353600,1558357199,7061.25,7114.11,6900.0,6928.01,258.69614369
1558357200,1558360799,6928.02,6969.57,6810.0,6953.43,349.80301824
1558360800,1558364399,6955.0,7020.0,6928.13,7019.89,133.69547121
1558364400,1558367999,7019.89,7048.0,6962.95,7028.09,127.8170792
1558368000,1558371599,7028.13,7094.51,7018.51,7039.35,143.32263079
1558371600,1558375199,7034.0,7063.89,6955.84,6958.17,86.0448643
1558375200,1558378799,6964.78,7000.0,6905.0,6939.0,105.46750646
1558378800,1558382399,6939.99,7056.97,6933.56,7013.27,78.38667059
1558382400,1558385999,7013.54,7190.0,7001.02,7177.9,150.05017703
1558386000,1558389599,7184.12,7290.0,7174.45,7207.51,181.610379
1558389600,1558393199,7214.31,7259.17,7085.5,7085.82,120.94459379
1558393200,1558396799,7091.0,7165.0,7054.39,7164.12,66.31973691
1558396800,1558400399,7160.46,7200.98,7100.22,7103.79,27.29758917
1558400400,1558403999,7113.45,7151.39,7093.72,7101.97,15.66070077
1558404000,1558407599,7097.51,7100.73,7032.05,7093.97,23.40576655
1558407600,1558411199,7093.95,7136.02,7077.39,7105.01,16.99234709
1558411200,1558414799,7105.01,7109.83,7052.84,7075.0,25.82337495
1558414800,1558418399,7075.01,7104.99,7031.85,7090.66,21.4608662
1558418400,1558421999,7090.66,7124.75,7090.66,7117.99,32.03427479
1558422000,1558425599,7118.0,7149.99,7110.75,7117.52,67.42704731
1558425600,1558429199,7122.31,7164.64,7107.39,7143.0,56.98836625
1558429200,1558432799,7142.7,7205.0,7140.0,7176.18,79.73805414
1558432800,1558436399,7182.0,7182.0,7100.0,7127.18,62.55764336
1558436400,1558439999,7131.97,7145.5,7030.0,7084.29,133.45699746
1558440000,1558443599,7078.16,7118.98,7031.01,7097.23,74.68398964
1558443600,1558447199,7091.14,7173.65,7070.0,7117.36,102.68497743
1558447200,1558450799,7117.53,7139.29,7080.1,7127.31,65.51471326
1558450800,1558454399,7127.19,7148.44,7100.07,7116.88,51.81241574
1558454400,1558457999,7107.73,7131.32,7100.0,7100.99,49.90999016
1558458000,1558461599,7100.06,7194.81,7100.0,7183.9,81.66579472
1558461600,1558465199,7194.66,7226.97,7140.22,7207.77,148.73888114
1558465200,1558468799,7206.69,7208.34,7154.17,7184.51,64.43999682
1558468800,1558472399,7184.51,7253.39,7184.51,7245.83,119.24774605
1558472400,1558475999,7246.2,7274.75,7175.0,7175.86,95.62386293
1558476000,1558479599,7175.9,7176.0,7099.0,7155.6,87.86282785
1558479600,1558483199,7155.59,7177.0,7124.45,7129.73,18.1143483
1558483200,1558486799,7128.54,7188.0,7127.0,7187.2,20.53165719
1558486800,1558490399,7187.96,7197.0,7125.51,7130.01,20.00127395
1558490400,1558493999,7125.52,7152.01,7107.95,7142.41,8.15646885
1558494000,1558497599,7142.4,7149.86,7120.03,7125.3,17.04526735
1558497600,1558501199,7120.01,7142.2,7063.01,7138.34,48.82009868
1558501200,1558504799,7133.56,7165.85,7122.96,7147.87,39.56246329
1558504800,1558508399,7147.0,7156.58,7124.77,7135.63,64.47101461
1558508400,1558511999,7134.5,7136.77,7105.05,7106.35,63.68593957
1558512000,1558515599,7105.23,7148.86,7105.0,7128.93,89.84747805
1558515600,1558519199,7130.35,7138.41,7088.0,7088.17,97.24929622
1558519200,1558522799,7088.98,7108.87,7059.0,7077.22,126.08157769
1558522800,1558526399,7077.04,7078.86,6955.86,7011.2,184.24865424
1558526400,1558529999,7015.78,7053.29,7000.0,7000.01,65.78558606
1558530000,1558533599,7000.0,7062.0,6990.34,7053.0,57.24111018
1558533600,1558537199,7053.99,7097.15,7050.26,7084.93,66.98571593
1558537200,1558540799,7075.55,7200.0,7063.32,7166.22,105.55741851
1558540800,1558544399,7158.15,7171.85,7125.79,7136.14,65.17086479
1558544400,1558547999,7136.16,7150.0,7053.0,7102.91,69.42563743
1558548000,1558551599,7102.75,7129.05,7066.13,7116.34,54.84289464
1558551600,1558555199,7116.34,7116.35,7080.03,7113.79,36.3914802
1558555200,1558558799,7113.79,7129.0,6915.0,7037.54,255.78043607
1558558800,1558562399,7037.17,7037.89,6851.07,6891.92,145.15680086
1558562400,1558565999,6900.02,6962.99,6745.58,6941.84,265.15939679
1558566000,1558569599,6934.03,6949.98,6850.0,6850.0,57.68345355
1558569600,1558573199,6846.32,6872.42,6780,6870.08,37.33841051
1558573200,1558576799,6870,6912.86,6821.83,6852.45,23.17803258
1558576800,1558580399,6849.78,6909.24,6839.07,6892.99,17.70359218
1558580400,1558583999,6893.3,6900.01,6858.05,6897.76,22.22312192
1558584000,1558587599,6899.24,6923.11,6870.79,6898.03,38.40535825
1558587600,1558591199,6893.7,6900.0,6814.84,6855.42,53.63595985
1558591200,1558594799,6860.41,6880.01,6806.45,6880.0,85.77665276
1558594800,1558598399,6879.95,6885.0,6825.96,6827.96,82.63625113
1558598400,1558601999,6833.4,6836.78,6809.37,6811.06,126.75076261
1558602000,1558605599,6811.0,6812.33,6725.0,6812.33,255.81579862
1558605600,1558609199,6812.32,6886.25,6812.32,6872.61,172.84975008
1558609200,1558612799,6872.61,6886.86,6840.0,6840.0,47.82123281
1558612800,1558616399,6840,6874.93,6809,6865.0,61.13843447
1558616400,1558619999,6865,6939.97,6865,6909.04,112.41913759
1558620000,1558623599,6909.04,6973.94,6903.65,6941.47,103.80187557
1558623600,1558627199,6941.47,7021.74,6941.46,6977.89,94.76528711
1558627200,1558630799,6975.5,7044.96,6975.5,7017.9,102.64133878
1558630800,1558634399,7014.65,7053.0,6951.08,6976.34,84.08154296
1558634400,1558637999,6974.54,6997.95,6956.76,6965.02,35.48497202
1558638000,1558641599,6965.15,6979.1,6932.0,6978.01,48.38892274
1558641600,1558645199,6978,7050,6967.01,7049.99,91.59565604
1558645200,1558648799,7050,7110,7003.88,7085.01,129.21500896
1558648800,1558652399,7085.01,7141.75,7055.34,7083.24,63.11414152
1558652400,1558655999,7092.08,7100.0,7027.91,7047.29,31.48789911
1558656000,1558659599,7048,7061.91,7008.25,7048.99,18.78138386
1558659600,1558663199,7049,7092.78,7039.87,7040.0,22.11623325
1558663200,1558666799,7050.7,7053.88,7016.41,7036.42,9.12987817
1558666800,1558670399,7036.19,7058.91,7011.03,7049.3,7.07620606
1558670400,1558673999,7045.46,7057.98,7013.6,7018.04,15.71423514
1558674000,1558677599,7020.93,7026.54,6990.61,7020.01,28.37111579
1558677600,1558681199,7023.39,7076.47,7008.51,7047.0,70.16052403
1558681200,1558684799,7047.11,7070.0,7035.88,7050.68,56.00618663
1558684800,1558688399,7048.93,7167.01,7048.93,7128.0,225.74776928
1558688400,1558691999,7126.5,7152.0,7114.65,7127.2,133.97620171
1558692000,1558695599,7127.2,7179,7127.2,7153.8,88.12885654
1558695600,1558699199,7152.0,7200,7138.86,7186.93,87.07369147
1558699200,1558702799,7184.37,7197.67,7157.85,7196.49,109.24135433
1558702800,1558706399,7196.49,7196.63,7131.0,7143.01,122.42157693
1558706400,1558709999,7143.01,7194.39,7141.0,7194.11,66.88271439
1558710000,1558713599,7194.13,7250.0,7190.36,7232.98,240.55802574
1558713600,1558717199,7232.98,7288.83,7194.64,7216.33,136.98664041
1558717200,1558720799,7221.34,7239.2,7140.0,7209.79,167.05700999
1558720800,1558724399,7209.0,7220.0,7185.49,7207.02,38.08617264
1558724400,1558727999,7200.64,7206.03,7150.31,7186.76,59.4925489
1558728000,1558731599,7186.34,7235.0,7178.58,7234.99,51.54036132
1558731600,1558735199,7234.99,7252.49,7176.56,7179.78,53.86647051
1558735200,1558738799,7178.43,7217.99,7156.46,7165.41,25.22303551
1558738800,1558742399,7165.38,7175.88,7090.0,7134.99,70.91035933
1558742400,1558745999,7130.74,7156.34,7113.03,7136.64,11.93698873
1558746000,1558749599,7136.81,7192.5,7133.54,7179.72,10.11878197
1558749600,1558753199,7178.97,7181.21,7150.79,7162.42,6.11767211
1558753200,1558756799,7165.15,7175.85,7138.87,7140.64,5.12562895
1558756800,1558760399,7140.83,7163.76,7140.83,7150.31,8.8380412
1558760400,1558763999,7150.32,7153.48,7120.3,7121.03,16.1124775
1558764000,1558767599,7121.04,7129.7,7100.0,7104.27,34.78507683
1558767600,1558771199,7104.27,7119.2,7100.48,7112.91,29.21992052
1558771200,1558774799,7112.9,7166.96,7112.9,7166.96,29.85198332
1558774800,1558778399,7166.96,7209.0,7165.0,7208.32,51.40830388
1558778400,1558781999,7207.87,7238.9,7188.48,7213.38,61.02918503
1558782000,1558785599,7209.02,7250.0,7209.02,7216.98,55.05623003
1558785600,1558789199,7215.99,7223.0,7178,7213.89,37.24373938
1558789200,1558792799,7219.46,7219.5,7170,7190.06,32.76340578
1558792800,1558796399,7190.07,7210.53,7161.8,7210.53,30.04421998
1558796400,1558799999,7205.35,7225.0,7190.56,7191.7,38.71815391
1558800000,1558803599,7191.82,7214.27,7171.71,7183.93,33.32080784
1558803600,1558807199,7187.78,7203.93,7167.93,7196.07,23.1834461
1558807200,1558810799,7189.75,7215.0,7164.0,7170.0,45.77389705
1558810800,1558814399,7170.0,7184.13,7143.16,7156.43,51.9359494
1558814400,1558817999,7155.72,7196.25,7155.71,7177.61,23.42751039
1558818000,1558821599,7175.61,7202.03,7175.61,7186.63,20.21204686
1558821600,1558825199,7184.0,7208.36,7182.42,7208.36,27.15955902
1558825200,1558828799,7208.36,7215.15,7174.77,7206.9,45.18656124
1558828800,1558832399,7206.9,7215.23,7187.55,7197.48,15.46531309
1558832400,1558835999,7191.28,7197.57,7175.0,7177.89,5.66920519
1558836000,1558839599,7177.89,7208.39,7170.0,7170.0,9.368343
1558839600,1558843199,7170.02,7195.58,7156.01,7156.07,10.45472171
1558843200,1558846799,7156.0,7189.85,7150.0,7181.0,4.56345808
1558846800,1558850399,7181.01,7181.01,7143.1,7158.21,14.98552424
1558850400,1558853999,7158.44,7160.85,7120.0,7150.94,30.34477096
1558854000,1558857599,7154.74,7178.99,7133.01,7166.24,27.3140163
1558857600,1558861199,7160.04,7166.84,7143.51,7162.06,27.39288581
1558861200,1558864799,7160.71,7176.94,7156.66,7159.61,30.24653535
1558864800,1558868399,7158.64,7162.38,7121.0,7150.0,42.0273714
1558868400,1558871999,7147.0,7149.74,7056.97,7099.87,117.61548434
1558872000,1558875599,7099.7,7134.0,7081.28,7123.0,38.40938266
1558875600,1558879199,7123.0,7157.59,7100.01,7148.03,43.41609111
1558879200,1558882799,7144.48,7167.2,7136.46,7161.57,45.28168812
1558882800,1558886399,7166.0,7170.0,7143.84,7166.61,24.85647013
1558886400,1558889999,7166.61,7167.0,7144.22,7151.14,34.80423144
1558890000,1558893599,7151.15,7168.97,7144.22,7158.94,17.5280883
1558893600,1558897199,7158.95,7174.27,7158.94,7168.99,33.53809024
1558897200,1558900799,7167.0,7706.61,7166.99,7654.06,1193.637768
1558900800,1558904399,7654.09,7886.19,7613.0,7652.66,1005.270091
1558904400,1558907999,7650.0,7714.0,7560.37,7685.67,284.61657941
1558908000,1558911599,7685.94,7824.99,7679.82,7685.36,195.32898577
1558911600,1558915199,7685.63,7799.0,7685.63,7782.75,102.69803718
1558915200,1558918799,7777.98,7944.99,7770.06,7917.53,132.36131717
1558918800,1558922399,7917.53,7945.0,7790.97,7864.09,75.70401939
1558922400,1558925999,7856.75,7870.0,7745.83,7791.0,49.33243367
1558926000,1558929599,7800.64,7844.23,7786.27,7799.66,39.64747461
1558929600,1558933199,7797.74,7812.99,7700,7740.49,97.42085982
1558933200,1558936799,7740.49,7810.0,7720,7778.28,101.16359753
1558936800,1558940399,7778.28,7812.89,7777,7799.99,88.12215639
1558940400,1558943999,7799.97,7850.0,7798,7826.17,113.60525555
1558944000,1558947599,7835.97,7836.0,7791.0,7799.99,116.98405024
1558947600,1558951199,7796.55,7844.99,7796.55,7816.52,80.69631547
1558951200,1558954799,7816.53,7824.98,7796.27,7815.0,100.53587116
1558954800,1558958399,7814.99,7823.8,7758.17,7797.59,163.3322624
1558958400,1558961999,7792.69,7889.99,7792.69,7870.0,231.33096389
1558962000,1558965599,7870.0,7924.78,7861.69,7872.28,140.14148135
1558965600,1558969199,7879.96,7898.16,7850.0,7872.35,148.28801693
1558969200,1558972799,7872.39,7977.99,7855.54,7917.76,209.96692172
1558972800,1558976399,7910.0,7974.91,7750.0,7774.73,332.37244341
1558976400,1558979999,7764.04,7841.52,7763.32,7776.99,142.56792199
1558980000,1558983599,7771.85,7896.98,7771.85,7873.14,105.76415542
1558983600,1558987199,7879.76,7899.0,7845.18,7874.83,84.41033479
1558987200,1558990799,7869.11,7893.13,7795.65,7824.21,89.91035492
1558990800,1558994399,7808.9,7890.0,7800.0,7884.96,71.79814082
1558994400,1558997999,7886,7886.84,7840.0,7871.53,45.55028773
1558998000,1559001599,7872,7899.95,7822.07,7834.54,46.43804795
1559001600,1559005199,7834.53,7877.22,7825.91,7830.64,24.58495042
1559005200,1559008799,7825.38,7876.85,7821.77,7855.78,15.78649266
1559008800,1559012399,7855.78,7885.13,7853.91,7861.08,7.01931885
1559012400,1559015999,7858.81,7863.27,7833.41,7862.7,16.27181687
1559016000,1559019599,7864.0,7884.0,7850.0,7850.03,25.41486033
1559019600,1559023199,7850.03,7860.73,7787.91,7820.6,50.73380155
1559023200,1559026799,7824.13,7829.27,7780.5,7804.91,68.00029958
1559026800,1559030399,7797.34,7829.0,7760.22,7820.08,141.55226072
1559030400,1559033999,7821.43,7821.43,7791,7802.3,67.98314272
1559034000,1559037599,7811.25,7830.78,7796,7799.76,71.89037191
1559037600,1559041199,7799.8,7809.62,7763.79,7781.22,86.0835683
1559041200,1559044799,7789.46,7830.0,7780.35,7828.56,87.6941517
1559044800,1559048399,7828.55,7839.39,7801.03,7804.57,66.18173851
1559048400,1559051999,7810.25,7827.74,7618.88,7752.23,292.30424769
1559052000,1559055599,7753.08,7802.04,7744.58,7798.66,115.54617194
1559055600,1559059199,7798.66,7802.91,7780.0,7802.9,45.71833141
1559059200,1559062799,7802.43,7803.17,7744.5,7763.0,62.78469901
1559062800,1559066399,7758.34,7885.0,7757.0,7850.05,179.42812175
1559066400,1559069999,7855.0,7861.6,7807.04,7848.98,72.71769375
1559070000,1559073599,7845.95,7870.33,7760.51,7805.33,109.94834057
1559073600,1559077199,7803.26,7824.98,7802.0,7810.16,56.69421478
1559077200,1559080799,7810.29,7810.34,7773.29,7809.03,81.00025486
1559080800,1559084399,7809.35,7840,7804.0,7811.06,35.27863825
1559084400,1559087999,7811.18,7833,7800.01,7824.18,14.0042114
1559088000,1559091599,7822.01,7822.01,7774.38,7788.67,15.20961949
1559091600,1559095199,7780.28,7818.33,7772.93,7772.93,13.69766276
1559095200,1559098799,7772.95,7782.92,7715.0,7762.03,34.46542163
1559098800,1559102399,7762.04,7769.0,7730.83,7758.71,16.96189931
1559102400,1559105999,7758.75,7770.73,7660.0,7711.28,83.50823722
1559106000,1559109599,7711.28,7719.89,7533.45,7604.42,207.74584666
1559109600,1559113199,7601.76,7677.57,7583.15,7647.65,153.02023483
1559113200,1559116799,7644.02,7697.0,7640.01,7679.49,100.05957027
1559116800,1559120399,7675.6,7747.06,7661.28,7724.5,124.00531367
1559120400,1559123999,7724.5,7746.41,7693.8,7737.6,68.14664033
1559124000,1559127599,7746.4,7824.67,7742.61,7790.82,126.37478702
1559127600,1559131199,7790.0,7790.01,7750.0,7752.07,58.15056365
1559131200,1559134799,7752.07,7776.97,7750.0,7773.1,45.23093145
1559134800,1559138399,7773.38,7870.0,7755.23,7856.25,120.13516905
1559138400,1559141999,7850.0,7870.0,7815.04,7815.04,74.59684511
1559142000,1559145599,7816.23,7850.01,7808.84,7820.0,77.70330333
1559145600,1559149199,7819.99,7849,7779.31,7848.86,86.62594043
1559149200,1559152799,7841.5,7849,7810.0,7810.0,45.41519386
1559152800,1559156399,7810.01,7826.38,7790.0,7810.12,50.71362415
1559156400,1559159999,7803.45,7825.23,7801.7,7815.0,33.87850503
1559160000,1559163599,7814.03,7839.0,7723.76,7781.93,79.35247102
1559163600,1559167199,7774.5,7804.91,7762.56,7789.3,56.865574
1559167200,1559170799,7789.3,7828.46,7789.3,7797.75,49.35977429
1559170800,1559174399,7792.03,7806.4,7756.99,7792.61,25.22912948
1559174400,1559177999,7795.57,7804.34,7742.46,7795.23,20.61390318
1559178000,1559181599,7796.37,7838.99,7701.12,7756.82,48.68106431
1559181600,1559185199,7756.82,7764.2,7703.27,7731.02,14.73213304
1559185200,1559188799,7731.47,7819.99,7731.47,7819.04,28.35155246
1559188800,1559192399,7819.07,7819.97,7778.95,7812.98,24.34357673
1559192400,1559195999,7807.52,7878.78,7807.52,7828.69,101.83533089
1559196000,1559199599,7827.58,7865.29,7825.4,7841.39,49.87597186
1559199600,1559203199,7838.38,7855.09,7814.41,7831.01,44.93269849
1559203200,1559206799,7831.0,7848.19,7792.9,7827.12,66.53724711
1559206800,1559210399,7819.61,7839.94,7813.05,7827.99,40.75209661
1559210400,1559213999,7827.99,7874.0,7827.27,7840.28,86.48315575
1559214000,1559217599,7840.28,7859.6,7840.0,7840.39,57.07210795
1559217600,1559221199,7840.38,7859.62,7810.1,7844.35,68.67660215
1559221200,1559224799,7844.32,7862.0,7836.99,7850.01,64.0351736
1559224800,1559228399,7850.0,7867.87,7848.01,7858.92,44.30274538
1559228400,1559231999,7850.03,8047.35,7850.03,8028.94,271.41895158
1559232000,1559235599,8031.0,8191.23,7733,7817.81,702.69045874
1559235600,1559239199,7817.8,7817.8,7700,7771.35,309.38513293
1559239200,1559242799,7771.35,7780,7753,7780.0,73.75887083
1559242800,1559246399,7779.99,7790,7720,7757.89,110.33988347
1559246400,1559249999,7757.88,7757.89,7557.92,7621.18,399.92453885
1559250000,1559253599,7627.27,7654.0,7201.0,7400.01,892.01780971
1559253600,1559257199,7400.0,7501.9,7362.0,7465.23,199.31873495
1559257200,1559260799,7455.52,7494.99,7397.14,7469.97,85.00232775
1559260800,1559264399,7468.01,7521.47,7468.0,7474.76,49.31467486
1559264400,1559267999,7474.77,7542.28,7474.77,7506.56,29.98260463
1559268000,1559271599,7501.68,7510.0,7450.5,7461.06,29.09041549
1559271600,1559275199,7461.56,7474.59,7404.55,7463.06,37.546444
1559275200,1559278799,7452.32,7468.83,7341.16,7349.98,82.81978119
1559278800,1559282399,7341.19,7465.09,7313.0,7427.83,125.02313012
1559282400,1559285999,7425.58,7470.45,7424.23,7457.96,80.80538048
1559286000,1559289599,7458.04,7479.99,7413.56,7467.71,98.68128684
1559289600,1559293199,7467.84,7500.0,7450.0,7450,88.90170189
1559293200,1559296799,7451.05,7504.31,7450.51,7480,60.62544149
1559296800,1559300399,7483.54,7527.98,7414.63,7454.12,113.88071832
1559300400,1559303999,7455.74,7459.44,7400.0,7429.23,108.25168395
1559304000,1559307599,7430.0,7463.45,7414.35,7463.45,67.79601432
1559307600,1559311199,7463.45,7597.69,7463.44,7580.79,151.78080227
1559311200,1559314799,7575.3,7600.0,7521,7572.45,115.69496577
1559314800,1559318399,7572.45,7593.38,7470,7514.11,103.94391899
1559318400,1559321999,7514.15,7593.84,7470.0,7549.41,68.35257091
1559322000,1559325599,7541.01,7584.88,7516.57,7559.44,56.90865871
1559325600,1559329199,7558.64,7605,7537.87,7543.82,54.99638372
1559329200,1559332799,7543.82,7584,7542.65,7582.04,34.14028796
1559332800,1559336399,7581.81,7650.0,7565.06,7636.68,123.85363961
1559336400,1559339999,7630.77,7675.83,7623.87,7659.15,84.83317626
1559340000,1559343599,7659.15,7667.92,7624.99,7654.69,50.23257283
1559343600,1559347199,7644.5,7700.0,7644.5,7674.98,38.05313141
1559347200,1559350799,7670.6,7693.84,7626.9,7691.95,35.91761133
1559350800,1559354399,7691.63,7700.0,7651.49,7673.56,11.56562901
1559354400,1559357999,7670.16,7670.16,7642.92,7651.3,20.68107934
1559358000,1559361599,7654.98,7678.64,7652.28,7661.99,4.4662207
1559361600,1559365199,7661.99,7675.39,7651.06,7673.5,15.36124325
1559365200,1559368799,7673.26,7673.26,7603.0,7604.56,27.79033867
1559368800,1559372399,7604.56,7656.58,7577.65,7649.99,25.80581686
1559372400,1559375999,7649.99,7667.11,7625.94,7661.87,37.06262117
1559376000,1559379599,7661.86,7683.48,7643.64,7678.47,45.77626302
1559379600,1559383199,7672.83,7725.0,7672.2,7694.47,82.47808047
1559383200,1559386799,7699.18,7721.95,7677.77,7682.01,50.59348407
1559386800,1559390399,7684.01,7695.0,7652.22,7682.03,24.83417577
1559390400,1559393999,7682.02,7687.99,7666.04,7667.96,38.89200254
1559394000,1559397599,7666.86,7668.48,7636.01,7640.0,45.605517
1559397600,1559401199,7636.31,7658.32,7591.73,7613.09,47.33899347
1559401200,1559404799,7623.66,7648.96,7615.0,7646.5,33.98688584
1559404800,1559408399,7646.5,7679.0,7646.26,7666.0,50.04262832
1559408400,1559411999,7666.0,7676.98,7630.01,7633.05,19.96151191
1559412000,1559415599,7636.05,7659.67,7622,7622.02,28.45776391
1559415600,1559419199,7622.01,7663.67,7600,7647.82,29.28668196
1559419200,1559422799,7641.54,7675,7641.54,7654.09,25.18820238
1559422800,1559426399,7654.28,7700,7650.03,7699.99,35.01730089
1559426400,1559429999,7697.82,7699.99,7650.37,7697.61,20.33524713
1559430000,1559433599,7699.5,7700.0,7637.84,7661.06,21.49116964
1559433600,1559437199,7661.06,7697.75,7661.06,7686.28,9.46052908
1559437200,1559440799,7687.56,7700.0,7677.16,7680.0,6.5958167
1559440800,1559444399,7680.0,7700.0,7671.65,7689.02,5.16992314
1559444400,1559447999,7677.58,7692.92,7661.19,7670.35,19.04935202
1559448000,1559451599,7679.54,7699.52,7672.52,7692.5,3.96743597
1559451600,1559455199,7699.51,7700.0,7677.2,7696.0,8.18415628
1559455200,1559458799,7699.0,7700.0,7680.01,7691.99,7.29139081
1559458800,1559462399,7697.99,7824.28,7691.22,7799.3,101.9284625
1559462400,1559465999,7799.99,7849.94,7781.31,7824.87,77.49619908
1559466000,1559469599,7824.77,7845.08,7795.71,7816.0,65.07678526
1559469600,1559473199,7816.01,7825.42,7800.0,7820.01,33.94675132
1559473200,1559476799,7820.01,7840.33,7812.24,7840.33,39.10684426
1559476800,1559480399,7840.2,7898.84,7831.39,7897.02,84.61907885
1559480400,1559483999,7897.02,7897.02,7727.27,7777.0,159.35594673
1559484000,1559487599,7776.99,7831.31,7776.99,7800.0,39.38191999
1559487600,1559491199,7793.82,7827.41,7789.89,7800.94,30.66504918
1559491200,1559494799,7809.51,7824.28,7790,7805.49,23.80428429
1559494800,1559498399,7800.34,7814.88,7760,7773.22,20.48103734
1559498400,1559501999,7763.53,7795.55,7732.56,7788.93,33.82385715
1559502000,1559505599,7788.89,7793.54,7752.0,7775.78,33.27991675
1559505600,1559509199,7793.34,7814.12,7770.0,7803.99,35.57871613
1559509200,1559512799,7795.56,7811.69,7780.03,7806.57,21.29363296
1559512800,1559516399,7808.78,7849.0,7790.17,7848.69,28.58077544
1559516400,1559519999,7839.28,7858.97,7827.32,7838.97,25.01097894
1559520000,1559523599,7839.97,7842.23,7770.0,7782.68,11.8205655
1559523600,1559527199,7783.51,7799.92,7730.1,7790.77,17.89646274
1559527200,1559530799,7789.11,7799.42,7760.0,7778.11,3.78313004
1559530800,1559534399,7778.11,7797.24,7765.37,7765.37,5.56423066
1559534400,1559537999,7786.89,7791.18,7765.37,7776.41,4.70927907
1559538000,1559541599,7783.56,7787.41,7670.0,7695.84,65.13547897
1559541600,1559545199,7692.67,7715.32,7610.0,7644.03,127.42502789
1559545200,1559548799,7646.35,7655.0,7480.68,7596.35,188.54247805
1559548800,1559552399,7596.34,7647.23,7591.97,7602.29,63.96482958
1559552400,1559555999,7599.86,7608.63,7544.63,7607.54,104.14504674
1559556000,1559559599,7600.71,7665.74,7600.0,7652.44,89.37954612
1559559600,1559563199,7652.44,7666.04,7606.99,7624.99,75.15998859
1559563200,1559566799,7616.87,7681.06,7600.0,7641.76,78.38273974
1559566800,1559570399,7641.76,7642.99,7555.63,7561.67,89.14022807
1559570400,1559573999,7559.0,7599.98,7477.0,7514.37,113.25693988
1559574000,1559577599,7514.31,7587.61,7440.15,7583.77,104.17764819
1559577600,1559581199,7582.0,7640.16,7560.0,7625.99,52.29516964
1559581200,1559584799,7625.73,7625.99,7550.01,7565.12,62.3185852
1559584800,1559588399,7552.1,7637.0,7552.1,7617.5,54.93873731
1559588400,1559591999,7610.59,7632.98,7600.0,7630.0,36.58398119
1559592000,1559595599,7629.76,7636.29,7600,7636.29,58.33747086
1559595600,1559599199,7630.48,7638.0,7545,7572.96,42.02614536
1559599200,1559602799,7572.31,7574.51,7500.0,7554.42,59.51690249
1559602800,1559606399,7554.42,7554.45,7176.02,7231.89,409.87633814
1559606400,1559609999,7231.45,7231.45,6917.29,7095.71,604.27404316
1559610000,1559613599,7095.73,7165.87,7071.01,7119.09,70.89696456
1559613600,1559617199,7119.08,7163.36,7081.89,7157.77,50.57038291
1559617200,1559620799,7150.05,7157.76,7023.16,7024.05,46.6859763
1559620800,1559624399,7041.23,7112.76,7002.0,7094.57,105.27797351
1559624400,1559627999,7098.38,7121.0,7048.74,7069.8,154.49729812
1559628000,1559631599,7059.99,7060,6930.71,6959.1,251.7053225
1559631600,1559635199,6959.85,7000,6876.0,6989.0,324.82076116
1559635200,1559638799,6987.84,7074.71,6987.84,7065.84,242.37783239
1559638800,1559642399,7065.42,7092.3,7025.92,7071.94,118.55988345
1559642400,1559645999,7071.94,7100.0,7055.05,7074.27,83.8955358
1559646000,1559649599,7074.26,7087.19,7016.64,7040.0,97.60027727
1559649600,1559653199,7038.66,7075.0,7001.0,7074.99,72.44537394
1559653200,1559656799,7072.59,7146.35,7067.02,7134.24,138.66624126
1559656800,1559660399,7132.0,7133.92,7089.34,7091.96,58.62983828
1559660400,1559663999,7092.21,7124.85,7053.09,7071.7,64.02705094
1559664000,1559667599,7064.28,7092.23,7020.01,7040.33,62.47247301
1559667600,1559671199,7042.0,7056.98,6742.29,6753.23,526.1387571
1559671200,1559674799,6755.63,6868.98,6753.3,6808.42,189.87673475
1559674800,1559678399,6808.43,6826.84,6675.0,6755.47,302.43227496
1559678400,1559681999,6752.97,6820.0,6726.69,6810.01,115.01629647
1559682000,1559685599,6810.0,6858.98,6611.0,6624.38,209.80570658
1559685600,1559689199,6624.36,6817.97,6611.02,6801.67,120.19765464
1559689200,1559692799,6800.12,6825.25,6771.14,6817.39,32.85932321
1559692800,1559696399,6822.06,6924.07,6816.54,6887.25,63.01454216
1559696400,1559699999,6894.79,6918.95,6871.48,6891.09,9.66050052
1559700000,1559703599,6890.09,7001.35,6885.01,6969.41,56.13951201
1559703600,1559707199,6969.08,6972.3,6921.87,6929.6,13.15679209
1559707200,1559710799,6931.43,6952.78,6895.08,6922.39,22.57776944
1559710800,1559714399,6926.03,6950.0,6884.17,6884.17,43.9921848
1559714400,1559717999,6888.52,6913.1,6835.98,6895.12,88.25480631
1559718000,1559721599,6895.12,6968.89,6879.74,6960.0,112.65565157
1559721600,1559725199,6959.34,6975.0,6912.4,6938.91,83.2984899
1559725200,1559728799,6933.76,6958.14,6900.96,6930.4,55.23283062
1559728800,1559732399,6930.1,7037.97,6900.98,6997.17,104.60161761
1559732400,1559735999,7000.0,7019.72,6902.89,6938.63,91.49331306
1559736000,1559739599,6933.17,6944.44,6881.0,6895.34,79.66030852
1559739600,1559743199,6887.99,6923.14,6878.17,6906.42,58.71556585
1559743200,1559746799,6906.86,6930.04,6795.15,6837.98,126.9201767
1559746800,1559750399,6832.03,6861.35,6751.65,6814.24,140.4423267
1559750400,1559753999,6801.21,6930.0,6801.2,6912.68,127.74691328
1559754000,1559757599,6918.14,6984.49,6884.84,6957.07,87.31945419
1559757600,1559761199,6950.75,6965.29,6902.87,6928.0,82.38467975
1559761200,1559764799,6928.0,6997.37,6925.28,6958.03,56.87686999
1559764800,1559768399,6950.74,7071.2,6846.18,6897.23,171.06472599
1559768400,1559771999,6899.98,6918.5,6795.76,6904.29,63.10254301
1559772000,1559775599,6904.27,6954.89,6865,6954.62,31.4637872
1559775600,1559779199,6940.64,6985.0,6930,6930.0,24.58078919
1559779200,1559782799,6934.49,6972.7,6923.15,6948.38,17.9574156
1559782800,1559786399,6945.78,7005.43,6943.76,6985.55,30.59320799
1559786400,1559789999,6987.83,7000.17,6960.0,6970.61,22.88637945
1559790000,1559793599,6970.61,7010.0,6970.6,7006.6,4.76038809
1559793600,1559797199,7006.6,7009.96,6962.21,6982.83,12.06597507
1559797200,1559800799,6982.82,6985.26,6925.46,6950.32,25.27723026
1559800800,1559804399,6950.0,6984.98,6942.69,6970.48,40.74607971
1559804400,1559807999,6975.33,6984.65,6913.44,6920.99,54.3009998
1559808000,1559811599,6917.66,6960,6909.41,6959.29,71.49269651
1559811600,1559815199,6958.45,6965,6919.44,6929.98,90.56676839
1559815200,1559818799,6930.02,6962.46,6917.02,6962.0,58.29821875
1559818800,1559822399,6962.0,6990.0,6946.82,6980.57,51.08565308
1559822400,1559825999,6975.88,6983.97,6852.85,6882.68,93.71682832
1559826000,1559829599,6881.52,6895.13,6801.17,6884.31,107.74549881
1559829600,1559833199,6886.41,6887.1,6750.69,6824.84,104.03232816
1559833200,1559836799,6824.84,6845.85,6800.0,6832.66,43.32002173
1559836800,1559840399,6839.75,6857.75,6815.56,6837.32,45.7340869
1559840400,1559843999,6838.8,6842.0,6774.63,6788.86,76.89752478
1559844000,1559847599,6788.99,6788.99,6615.0,6745.77,274.96906744
1559847600,1559851199,6746.79,6766.47,6712.26,6746.41,67.9550713
1559851200,1559854799,6746.42,6849.99,6733.78,6830.87,75.31278299
1559854800,1559858399,6824.78,6874.9,6822.48,6866.62,48.9087574
1559858400,1559861999,6866.63,6872.17,6841.0,6852.1,52.41036901
1559862000,1559865599,6853.62,6941.56,6849.99,6923.64,48.29403314
1559865600,1559869199,6923.78,6946.11,6900.99,6910.38,32.85731437
1559869200,1559872799,6915.05,6934.58,6892.04,6921.87,3.63515137
1559872800,1559876399,6919.67,6925.0,6890.26,6899.99,3.25813158
1559876400,1559879999,6900.0,6936.42,6899.98,6933.61,9.45919401
1559880000,1559883599,6934.03,6943.22,6900.78,6918.65,12.43730924
1559883600,1559887199,6920.81,6937.98,6907.0,6936.46,22.51858841
1559887200,1559890799,6936.02,7061.57,6934.23,7036.75,127.7598631
1559890800,1559894399,7036.75,7122.0,7031.26,7064.99,171.87095058
1559894400,1559897999,7060.87,7130.04,7060.07,7088.49,141.43507444
1559898000,1559901599,7087.71,7101.87,7055.03,7077.05,87.10333209
1559901600,1559905199,7077.05,7103.84,7068.57,7075.63,53.66490962
1559905200,1559908799,7072.41,7093.14,7031.0,7031.5,44.96094265
1559908800,1559912399,7031.74,7059.84,7000.66,7007.46,50.12371549
1559912400,1559915999,7007.99,7065.27,7007.56,7062.99,59.22371056
1559916000,1559919599,7062.98,7066.52,7006.57,7009.22,43.06035811
1559919600,1559923199,7010.14,7041.89,7005.01,7039.5,81.47057368
1559923200,1559926799,7039.5,7167.96,7012.4,7120.61,161.42679716
1559926800,1559930399,7114.63,7166.0,7114.63,7151.31,68.113081
1559930400,1559933999,7143.58,7189.99,7141.99,7162.51,80.95041077
1559934000,1559937599,7160.94,7166.09,7029.48,7047.01,73.59978341
1559937600,1559941199,7047.0,7079.03,6961.47,6978.48,82.78786104
1559941200,1559944799,6978.48,7036.97,6962.29,7030.03,45.64959304
1559944800,1559948399,7030.03,7102,7023.52,7100.8,30.45676364
1559948400,1559951999,7100.84,7129,7070.0,7071.62,23.89853744
1559952000,1559955599,7070.0,7122.43,7055.01,7109.19,11.04289853
1559955600,1559959199,7107.72,7115.03,7054.9,7054.9,7.66897637
1559959200,1559962799,7051.0,7052.75,7018.88,7051.04,17.74925992
1559962800,1559966399,7049.78,7059.3,7040.0,7040.0,3.62258651
1559966400,1559969999,7032.82,7062.44,7026.39,7062.4,7.55900829
1559970000,1559973599,7062.65,7074.05,7029.25,7030.03,7.35251614
1559973600,1559977199,7030.03,7037.4,6987.33,7001.53,28.03318165
1559977200,1559980799,6998.3,7032.6,6982.72,7025.04,17.35745778
1559980800,1559984399,7018.63,7057.64,7009.38,7045.62,14.5527385
1559984400,1559987999,7052.27,7077.5,7037.95,7066.6,22.38709562
1559988000,1559991599,7073.3,7099.0,7053.02,7056.94,18.74644342
1559991600,1559995199,7056.7,7085.05,7053.02,7074.88,12.01317388
1559995200,1559998799,7074.89,7084.97,7007.25,7029.98,15.79239187
1559998800,1560002399,7029.92,7049.56,7000.28,7040.45,26.74400244
1560002400,1560005999,7040.53,7048.09,7000.59,7019.13,21.9500116
1560006000,1560009599,7013.62,7032.34,6967.41,7023.37,41.91622755
1560009600,1560013199,7015.34,7020.0,6913.38,6935.09,43.71007375
1560013200,1560016799,6942.34,6949.99,6870.85,6938.17,97.7614423
1560016800,1560020399,6932.78,6949.03,6905.01,6934.53,30.43350022
1560020400,1560023999,6928.86,6950.0,6918.2,6929.88,18.11326592
1560024000,1560027599,6926.13,6960.8,6926.13,6960.5,15.98601701
1560027600,1560031199,6957.79,6999.71,6957.79,6982.01,25.03764674
1560031200,1560034799,6982.01,7033.1,6980.0,7031.0,31.84922142
1560034800,1560038399,7029.32,7043.7,7005.55,7005.99,15.27693305
1560038400,1560041999,7005.45,7032.44,6969.44,6985.14,10.57925114
1560042000,1560045599,6984.65,7004.91,6969.08,6980.01,4.08045347
1560045600,1560049199,6980.01,6980.04,6954.02,6964.78,5.10359475
1560049200,1560052799,6963.33,6991.49,6960.08,6981.69,3.7093062
1560052800,1560056399,6987.76,6987.76,6963.5,6972.79,4.29209516
1560056400,1560059999,6973.34,6991.63,6973.34,6989.02,6.26938153
1560060000,1560063599,6990.17,6990.17,6961.03,6980.23,3.60418773
1560063600,1560067199,6979.15,7024.67,6963.32,7013.85,16.18575941
1560067200,1560070799,7011.06,7034.3,6994.2,7001.82,19.20434527
1560070800,1560074399,7009.04,7010.0,6981.01,6994.22,22.40994337
1560074400,1560077999,6985.98,6994.99,6965.0,6988.46,15.85266221
1560078000,1560081599,6986.73,6995.0,6967.22,6968.68,12.96657932
1560081600,1560085199,6968.51,6971.7,6834.53,6889.17,98.65213931
1560085200,1560088799,6879.01,6902.12,6827.02,6873.26,57.16157274
1560088800,1560092399,6873.21,6885.28,6821.32,6872.75,33.24513075
1560092400,1560095999,6872.75,6892.24,6857.13,6873.94,27.76458439
1560096000,1560099599,6867.96,6869.73,6750,6779.55,83.45328804
1560099600,1560103199,6777.09,6814.49,6750,6792.85,43.67845809
1560103200,1560106799,6785.07,6825.48,6780.5,6809.96,34.34812808
1560106800,1560110399,6810.11,6891.92,6806.17,6881.3,37.38903058
1560110400,1560113999,6882.61,6883.43,6808.87,6848.74,31.57914476
1560114000,1560117599,6846.01,6881.0,6783.9,6784.91,99.57762694
1560117600,1560121199,6784.0,6791.55,6685.93,6738.56,110.3597191
1560121200,1560124799,6738.06,6809.38,6705.01,6788.96,46.1363518
1560124800,1560128399,6781.39,6786.83,6659.53,6738.8,47.24758938
1560128400,1560131999,6741.96,6808.2,6739.56,6759.57,8.68158169
1560132000,1560135599,6759.57,6802.06,6734.98,6774.17,15.94870072
1560135600,1560139199,6783.11,6810.0,6774.97,6792.61,3.32269674
1560139200,1560142799,6794.99,6800.0,6763.25,6780.39,22.67058461
1560142800,1560146399,6780.39,6784.93,6755.15,6771.83,9.27033557
1560146400,1560149999,6771.83,6863.49,6771.83,6830.26,37.91460382
1560150000,1560153599,6830.27,6878.16,6830.27,6852.36,47.46884278
1560153600,1560157199,6851.03,6865.15,6837.68,6839.11,58.49397417
1560157200,1560160799,6839.2,6853.84,6819.81,6822.08,39.38750053
1560160800,1560164399,6821.1,6832.3,6779.45,6790.64,57.40520971
1560164400,1560167999,6790.63,7079.0,6755.0,7038.52,202.52680801
1560168000,1560171599,7028.55,7174.97,7026.6,7066.38,224.96266187
1560171600,1560175199,7069.0,7078.18,7015.49,7036.69,63.24716887
1560175200,1560178799,7035.42,7066.0,7028.74,7030.01,70.16185352
1560178800,1560182399,7030.0,7037.92,6971.01,7035.89,99.77376783
1560182400,1560185999,7028.23,7070,7005.78,7021.97,49.87293588
1560186000,1560189599,7019.07,7030,7000.0,7025.0,45.17318024
1560189600,1560193199,7024.99,7048.6,7006.84,7028.76,45.0547139
1560193200,1560196799,7027.9,7087.23,7019.2,7053.23,45.74947184
1560196800,1560200399,7052.84,7082.56,7000,7029.31,70.05752391
1560200400,1560203999,7025.46,7030.0,7000,7029.0,38.25649239
1560204000,1560207599,7028.99,7060.61,7021.59,7040.63,24.94307847
1560207600,1560211199,7040.44,7093.98,7031.25,7093.81,32.38724399
1560211200,1560214799,7093.6,7119.0,7037.77,7069.0,31.36196377
1560214800,1560218399,7068.99,7076.02,7043.99,7049.3,7.0377604
1560218400,1560221999,7048.93,7057.73,7030.19,7035.4,8.61496806
1560222000,1560225599,7034.0,7044.68,7022.99,7044.68,4.17993326
1560225600,1560229199,7044.68,7044.68,7025.29,7025.29,11.06602366
1560229200,1560232799,7029.48,7043.14,7015.71,7033.21,9.2745636
1560232800,1560236399,7032.99,7032.99,7012.72,7018.28,35.37925042
1560236400,1560239999,7018.28,7030.41,6985.14,7020.47,52.17321533
1560240000,1560243599,7015.16,7041.98,7005.85,7037.87,39.87181004
1560243600,1560247199,7034.03,7052.59,7012.91,7012.91,29.81946006
1560247200,1560250799,7012.91,7027.32,6867,6923.48,150.46863274
1560250800,1560254399,6920.28,6928.16,6850,6897.43,87.12546865
1560254400,1560257999,6891.52,6914.22,6865.47,6891.91,50.85632601
1560258000,1560261599,6891.92,6918.99,6888.85,6917.62,31.58899071
1560261600,1560265199,6917.63,6929.96,6865.12,6898.17,56.43720575
1560265200,1560268799,6899.97,6910.93,6865.0,6895.0,47.81321646
1560268800,1560272399,6895.0,6969.0,6829.0,6949.97,98.26699537
1560272400,1560275999,6949.96,6986.38,6938.44,6971.0,47.44157216
1560276000,1560279599,6970.99,6999.99,6950.0,6960.0,53.2119008
1560279600,1560283199,6959.99,6985.68,6949.52,6985.4,37.83638738
1560283200,1560286799,6980.03,7050,6971.09,7005.0,135.26484778
1560286800,1560290399,7004.98,7025,6987.48,6999.25,37.84275275
1560290400,1560293999,6987.09,7012.25,6979.71,6979.71,26.11602422
1560294000,1560297599,6986.96,7012.5,6979.96,6986.85,25.31093877
1560297600,1560301199,6986.84,7001.51,6915.0,6915.01,16.55219063
1560301200,1560304799,6915.99,6961.32,6915.59,6951.34,14.43951264
1560304800,1560308399,6943.27,7106.76,6942.17,7091.9,55.37793875
1560308400,1560311999,7091.99,7129.0,7036.14,7053.87,23.50880804
1560312000,1560315599,7053.79,7068.49,7034.38,7050.64,10.74848471
1560315600,1560319199,7053.63,7054.01,7021.82,7041.97,34.86794374
1560319200,1560322799,7038.75,7042.0,7017.55,7024.93,34.15517863
1560322800,1560326399,7021.05,7074.81,7014.96,7066.07,37.61607872
1560326400,1560329999,7063.34,7063.35,7029.0,7047.67,36.00839234
1560330000,1560333599,7045.47,7047.57,6982.01,7040.67,56.22429126
1560333600,1560337199,7040.67,7110,7040.66,7060.47,77.23720767
1560337200,1560340799,7060.25,7100,7052.11,7070.07,45.50212961
1560340800,1560344399,7072.14,7100,7052.18,7085.22,120.84956467
1560344400,1560347999,7079.85,7098,7060.95,7091.94,40.81583883
1560348000,1560351599,7092.43,7110.0,7024.01,7091.0,76.27283092
1560351600,1560355199,7091.0,7336.81,7088.41,7242.89,399.80920653
1560355200,1560358799,7242.76,7275.07,7228.93,7246.74,149.21686579
1560358800,1560362399,7245.11,7250.03,7203.0,7227.99,184.72612842
1560362400,1560365999,7231.37,7241.13,7213.07,7221.69,47.48961775
1560366000,1560369599,7222.56,7249.79,7211.0,7240.01,33.81208212
1560369600,1560373199,7244.7,7249.0,7170.45,7191.0,107.94603835
1560373200,1560376799,7190.99,7229.89,7190.99,7222.81,37.12479919
1560376800,1560380399,7222.01,7229.99,7200.0,7225.93,24.22419199
1560380400,1560383999,7226.28,7245.0,7197.75,7245.0,19.28652747
1560384000,1560387599,7244.09,7250.0,7226.88,7239.0,18.10389766
1560387600,1560391199,7240.77,7241.39,7204.39,7209.2,7.31775502
1560391200,1560394799,7208.61,7208.61,7156.26,7156.92,19.60465915
1560394800,1560398399,7156.0,7207.13,7150.24,7190.18,9.21340352
1560398400,1560401999,7190.18,7224.02,7178.63,7215.0,4.14042798
1560402000,1560405599,7216.61,7217.37,7187.53,7207.08,11.31000848
1560405600,1560409199,7206.88,7211.2,7180.0,7201.66,33.85345633
1560409200,1560412799,7197.44,7220.32,7189.56,7205.09,34.80770895
1560412800,1560416399,7205.08,7212.67,7195.0,7208.2,51.67829788
1560416400,1560419999,7208.2,7209.49,7159.9,7180.89,39.22076007
1560420000,1560423599,7181.91,7215.41,7157.44,7175.49,59.72503702
1560423600,1560427199,7175.5,7205.0,7172.73,7200.75,49.83450982
1560427200,1560430799,7200.63,7238.44,7146.01,7197.45,81.25800913
1560430800,1560434399,7198.29,7265.0,7192.69,7245.84,90.57082987
1560434400,1560437999,7242.34,7263.4,7236.55,7245.01,58.28469148
1560438000,1560441599,7245.41,7310.01,7244.77,7274.38,76.0347493
1560441600,1560445199,7275.41,7279.61,7247.56,7261.05,53.66089752
1560445200,1560448799,7256.78,7273.69,7254.65,7268.04,33.28037473
1560448800,1560452399,7267.33,7367.0,7261.19,7345.02,102.17507198
1560452400,1560455999,7345.02,7365.15,7300.01,7318.28,155.16896305
1560456000,1560459599,7318.11,7355.3,7305.25,7343.31,57.14578754
1560459600,1560463199,7334.08,7396.79,7334.08,7390.0,85.20313405
1560463200,1560466799,7390.0,7392.18,7308.43,7323.11,111.1459921
1560466800,1560470399,7323.11,7348.64,7284.1,7315.76,40.87979453
1560470400,1560473999,7315.67,7333.73,7287.37,7301.3,34.61036292
1560474000,1560477599,7307.93,7311.31,7262.92,7269.53,16.58785274
1560477600,1560481199,7268.94,7296.26,7268.32,7291.33,4.18592915
1560481200,1560484799,7288.88,7306.63,7273.58,7290.05,4.34692705
1560484800,1560488399,7296.09,7317.15,7278.62,7317.13,11.57449256
1560488400,1560491999,7317.16,7336.57,7306.21,7323.15,24.22468161
1560492000,1560495599,7320.11,7320.11,7284.15,7309.48,32.81234763
1560495600,1560499199,7303.69,7335.0,7300.01,7335.0,27.41910934
1560499200,1560502799,7335.0,7380,7330.0,7364.6,42.08270455
1560502800,1560506399,7361.35,7380,7333.08,7370.0,56.56869846
1560506400,1560509999,7371.14,7389,7354.24,7375.56,47.27371112
1560510000,1560513599,7373.41,7380,7351.03,7358.63,54.98647772
1560513600,1560517199,7358.01,7441,7350.8,7441,191.05594152
1560517200,1560520799,7439.1,7510,7431.04,7478,153.43175935
1560520800,1560524399,7478.0,7509.78,7453.69,7486.04,100.70876641
1560524400,1560527999,7486.04,7544.0,7485.65,7514.46,119.20201987
1560528000,1560531599,7514.01,7530.17,7465.01,7466.47,82.77934224
1560531600,1560535199,7466.47,7496.3,7456.02,7495.0,40.58116805
1560535200,1560538799,7494.8,7547.0,7489.93,7518.89,78.64229505
1560538800,1560542399,7520.0,7570.66,7500.0,7514.52,84.87910233
1560542400,1560545999,7511.81,7560,7508.01,7539.97,41.15863191
1560546000,1560549599,7540.3,7740,7540.3,7686.69,278.29746179
1560549600,1560553199,7688.1,7750.0,7688.1,7732.15,124.82564159
1560553200,1560556799,7732.15,7791.75,7710.81,7758.4,89.84554667
1560556800,1560560399,7749.56,7766,7681.32,7684.66,62.41725222
1560560400,1560563999,7683.69,7700,7648.92,7676.98,51.45931773
1560564000,1560567599,7676.99,7723.83,7676.63,7714.43,17.44777279
1560567600,1560571199,7712.87,7713.35,7679.67,7685.92,7.97172517
1560571200,1560574799,7686.25,7710,7682.38,7697.99,14.99884471
1560574800,1560578399,7695.49,7748,7695.49,7747.97,18.6180185
1560578400,1560581999,7740.47,7796.62,7739.11,7745.23,55.98984028
1560582000,1560585599,7745.23,7765.82,7701.02,7755.9,49.71003024
1560585600,1560589199,7753.13,7789.46,7750.0,7752.28,64.06560034
1560589200,1560592799,7752.28,7754.84,7714.75,7723.88,62.1669827
1560592800,1560596399,7720.1,7745.16,7699.53,7739.99,46.71688082
1560596400,1560599999,7736.86,7741.81,7715.74,7722.38,29.496064
1560600000,1560603599,7722.67,7729.64,7674.87,7687.72,53.07587061
1560603600,1560607199,7687.68,7697.2,7632.0,7687.48,92.46768319
1560607200,1560610799,7687.48,7742.88,7687.47,7732.98,60.19712167
1560610800,1560614399,7729.53,7863.39,7727.25,7833.13,192.20119215
1560614400,1560617999,7830.0,7900.0,7804.3,7868.88,146.8077255
1560618000,1560621599,7871.48,7892.94,7805.01,7840.32,135.14512174
1560621600,1560625199,7840.33,7869,7810.0,7839.55,54.48433283
1560625200,1560628799,7839.23,7890,7825.74,7855.0,58.03608374
1560628800,1560632399,7855.0,7855.0,7782.82,7813.85,76.44495089
1560632400,1560635999,7813.81,7827.73,7777.25,7827.42,57.86376006
1560636000,1560639599,7827.42,7856.0,7811.52,7850.53,39.31947499
1560639600,1560643199,7854.65,7871.77,7831.0,7859.99,19.25529148
1560643200,1560646799,7853.24,7859.93,7816.83,7841.91,10.78761083
1560646800,1560650399,7841.99,7950.0,7826.12,7920.0,63.89986129
1560650400,1560653999,7915.02,7980,7915.02,7934.42,37.18982984
1560654000,1560657599,7934.43,7960,7904.01,7959.99,21.21122721
1560657600,1560661199,7960.0,7990,7943.0,7988.47,19.14199367
1560661200,1560664799,7988.47,8089,7955.04,8076.14,181.61267784
1560664800,1560668399,8088.97,8108,7940,8100.0,206.47969937
1560668400,1560671999,8098.77,8100,7650,8013.13,304.54743311
1560672000,1560675599,8019.99,8093.36,7760,7901.98,235.99809675
1560675600,1560679199,7900.42,7998.59,7809,7878.0,171.68079223
1560679200,1560682799,7878.22,7980,7878.22,7969.81,99.47544832
1560682800,1560686399,7969.72,8010,7925.02,7980.38,106.78206988
1560686400,1560689999,7990.0,7999.91,7949.91,7959.57,49.4115001
1560690000,1560693599,7964.89,8074.98,7906.35,8061.97,102.72057531
1560693600,1560697199,8061.97,8216.0,8053.72,8205.8,273.89361408
1560697200,1560700799,8200.01,8205.79,8038.84,8117.34,133.94179125
1560700800,1560704399,8117.34,8142.49,8056,8059.72,61.10131282
1560704400,1560707999,8066.1,8069.79,7900,7930.03,151.54570533
1560708000,1560711599,7939.69,8011.99,7900.0,7984.0,65.52458801
1560711600,1560715199,7992.72,7999.65,7851.86,7880.98,95.07849769
1560715200,1560718799,7880.36,7967.0,7795.0,7949.3,186.85365887
1560718800,1560722399,7938.9,8003.61,7938.36,7999.93,56.22183479
1560722400,1560725999,7993.7,7999.99,7950.28,7992.04,42.42129625
1560726000,1560729599,7992.12,8083.96,7972.05,7993.53,77.94661792
1560729600,1560733199,7990.32,8170.0,7990.32,8169.0,62.66710148
1560733200,1560736799,8169.98,8185.06,8115.41,8132.46,41.68668022
1560736800,1560740399,8132.49,8168.78,8082.78,8095,23.94467125
1560740400,1560743999,8087.94,8150.0,8087.38,8150,15.45376686
1560744000,1560747599,8153.38,8250.0,8153.38,8195.76,135.22205747
1560747600,1560751199,8193.0,8208.66,8156.62,8163.87,50.48817809
1560751200,1560754799,8166.66,8197.72,8127.7,8154.15,71.16959496
1560754800,1560758399,8153.91,8198.99,8145.0,8170.62,62.85217997
1560758400,1560761999,8168.23,8217.67,8165.98,8202.57,79.1109318
1560762000,1560765599,8202.91,8208.59,8165.57,8188.39,49.75095144
1560765600,1560769199,8186.15,8290,8171.49,8264.8,143.58162152
1560769200,1560772799,8264.9,8318,8239.24,8281.9,183.93255195
1560772800,1560776399,8281.89,8349.0,8212.65,8280.12,149.53027504
1560776400,1560779999,8272.5,8294.8,8240.0,8260.94,87.85682657
1560780000,1560783599,8260.83,8393.87,8251.87,8385.01,166.24236673
1560783600,1560787199,8385.0,8385.01,8145.0,8185.01,261.67736136
1560787200,1560790799,8195.03,8226.0,8161.4,8225.79,112.36738218
1560790800,1560794399,8218.56,8271.03,8218.55,8265.0,80.74943152
1560794400,1560797999,8265.01,8300.0,8260,8277.66,79.14572618
1560798000,1560801599,8280.35,8357.99,8250,8300.0,160.68010463
1560801600,1560805199,8300.0,8353.52,8201.0,8273.51,147.16817395
1560805200,1560808799,8267.15,8276.42,8223.62,8271.65,65.22794246
1560808800,1560812399,8271.65,8351.08,8270.25,8345.45,89.12018169
1560812400,1560815999,8345.89,8440.0,8267.48,8321.58,220.55847925
1560816000,1560819599,8321.33,8333.45,8275.55,8297.12,41.77201703
1560819600,1560823199,8297.19,8311.24,8244.0,8286.44,12.42556745
1560823200,1560826799,8279.05,8285.92,8244,8247.99,16.35206231
1560826800,1560830399,8244.65,8268.31,8228,8249.99,16.87720321
1560830400,1560833999,8256.38,8287.61,8237.61,8249.99,19.04739371
1560834000,1560837599,8246.89,8250.0,8145.0,8168.9,182.90040159
1560837600,1560841199,8168.89,8200.0,8150,8189.84,66.91455694
1560841200,1560844799,8181.41,8191.5,8035,8114.14,184.56123897
